query,index,word_count,tag,can't read,topic button
plague,0,1,,,
witchcraft,1,1,,,
clothespin,2,1,,,
anatomy,3,1,,,
anatomy,4,1,,,
zodiac,5,1,,,
A,6,1,,,
Flores,7,1,,,
butterflies,8,1,,,
Butterfly,9,1,,,
quacks,10,1,,,1
Kiss,11,1,,,
botanics,12,1,,,
madras,13,1,,,
botany,14,1,,,1
mushroom,15,1,,,
paintings,16,1,,,1
1950,17,1,,,
biology,18,1,,,
Tree illustration,19,2,,,
botany,20,1,,,1
harry styles,21,2,,,
Butterfly ,22,1,,,
ogy,23,1,,,
sword,24,1,,,
korea,25,1,,,
botany,26,1,,,1
Anatomy,27,1,,,
Psychology,29,1,,,
murderers,32,1,,,
sun,33,1,,,1
flowers,35,1,,,
anatomy,36,1,,,
Anatomy,37,1,,,
disability,38,1,,,
lochmann,39,1,,,
Plague doctor ,40,2,,,
pulp fiction,41,2,,,
Starsign,42,1,,,
"""Walker.""",43,1,1,,
anatomy,45,1,,,
botany,46,1,,,1
Libra,47,1,,,
Gatos,48,1,,,
fleurus,49,1,,,
flower,50,1,,,
anatomie ,51,1,,,
rainbow,53,1,,,
optics,54,1,,,1
sun,55,1,,,1
anatomy,56,1,,,
sunburn,57,1,,,
Flower,58,1,,,
u2,59,1,,,
sun,60,1,,,1
rappers,61,1,,,
anime,62,1,,,
mariposa,63,1,,,
fondos blancos,64,2,,,
paintings,65,1,,,1
baseball,66,1,,,
Washington DC ,67,2,,,
botany,68,1,,,1
flowers,69,1,,,
Butterflies,70,1,,,
covid 19,71,2,,,
Global development ,72,2,,,
MUSIC,73,1,,,
"""Plants.""",74,1,1,,
paintings,75,1,,,1
quacks,76,1,,,1
health,77,1,,,1
vintage,78,1,,,
anatomi,79,1,,,
 F. Beato,80,2,,,
Zodiac,82,1,,,
Harry potter,83,2,,,
flower,84,1,,,
botany,85,1,,,1
botany,86,1,,,1
Astrology ,87,1,,,
fawn,88,1,,,
greece,89,1,,,
Miaozi Album,90,2,,,
Tortugas,91,1,,,
anatomy,92,1,,,
"""Human anatomy.""",93,2,1,,
persia,94,1,,,
venezuela map,96,2,,,
botany,97,1,,,1
professional development ,98,2,,,
Vintage,99,1,,,
ayurveda,100,1,,,
TELEMEDICINE,101,1,,,
botany,102,1,,,1
zodiac signs,103,2,,,
anatomy,104,1,,,
anatomy,105,1,,,
Silent Treatment,106,2,,,
botany,107,1,,,1
death,109,1,,,
Butterflies,110,1,,,
art,111,1,,,
desktop wallpaper,112,2,,,
paintings,113,1,,,1
paintings,114,1,,,1
eyes,115,1,,,
sun,116,1,,,1
Sexy,117,1,,,
Butterfly ,118,1,,,
Zodiac signs,119,2,,,
vintage advertisements,120,2,,,
anatomy,121,1,,,
Crossfit ,122,1,,,
anatomy,123,1,,,
Robot,124,1,,,
botany,125,1,,,1
Terapias,126,1,,,
botany,127,1,,,1
im√°genes t√©rmicas,128,2,,,
Anatomy ,129,1,,,
Harry stiles,130,2,,,
music,131,1,,,
Pelvic ,132,1,,,
butterfly,133,1,,,
paintings,134,1,,,1
Tree,135,1,,,
jormungandr,136,1,,,
Film,137,1,,,
health,138,1,,,1
paintings,139,1,,,1
anatomia,141,1,,,
Flowers,142,1,,,
Anatomy ,143,1,,,
anatomy,144,1,,,
Anatomy,145,1,,,
botany,146,1,,,1
botanica,147,1,,,
dragon,148,1,,,
Konni Zilliacus,149,2,,,
anatomy,150,1,,,
QUALITY,151,1,,,
Esqueletos,153,1,,,
minimalists,154,1,,,
tarot,155,1,,,
plague,156,1,,,
Anatomy,157,1,,,
woodworking,158,1,,,
loie fuller,159,2,,,
Disney,160,1,,,
map,161,1,,,
botany,162,1,,,1
elvis,163,1,,,
anatomia,164,1,,,
zodiac,165,1,,,
disney,166,1,,,
quacks,167,1,,,1
anatomy,168,1,,,
paintings,169,1,,,1
william Blake,170,2,,,
hearts,171,1,,,
anatomy,172,1,,,
anatomy,173,1,,,
Australia ,174,1,,,
botany,175,1,,,1
botany,176,1,,,1
Anatomy ,177,1,,,
anatomy,178,1,,,
botany,179,1,,,1
Law,180,1,,,
flowers,181,1,,,
paintings,182,1,,,1
dark academia,183,2,,,
botany,184,1,,,1
basquetball,185,1,,,
anatomy,186,1,,,
anatomy,187,1,,,
Buda,188,1,,,
Wallpaper ,189,1,,,
Botany,190,1,,,1
astrology,191,1,,,
butterfly,192,1,,,
Cars,193,1,,,
80s,194,1,,,
brains,195,1,,,
Flower,196,1,,,
brains,197,1,,,
astrology,198,1,,,
Butterfly,199,1,,,
movies,200,1,,,
sun,201,1,,,1
Astrology,202,1,,,
Head deformity,203,2,,,
anatomy ,204,1,,,
anatomy,205,1,,,
japanese,206,1,,,
ANATOMY,207,1,,,
Colonial ,208,1,,,
horse,209,1,,,
Butterfly,210,1,,,
Anatomy,211,1,,,
optics,212,1,,,1
flowers,213,1,,,
anatomy,215,1,,,
Imagenes vintage ,217,2,,,
"""Woodcuts""",218,1,1,,
posters,219,1,,,
eye,220,1,,,
cerebrum,221,1,,,
"""Ephemera.""",222,1,1,,
Anatomy,223,1,,,
moon,224,1,,,
paintings,225,1,,,1
flowers,226,1,,,
brain,227,1,,,
Mariposas,228,1,,,
Hollywood ,229,1,,,
movies,230,1,,,
fruit,231,1,,,
butterflys,232,1,,,
meditation,233,1,,,
animation,234,1,,,
anatomy ,235,1,,,
Buterfly,236,1,,,
Butterfly ,237,1,,,
cactus,238,1,,,
mushoom,239,1,,,
smallpox,240,1,,,
sign language,241,2,,,
science,242,1,,,1
Hearts,243,1,,,
anatomy,244,1,,,
pelvic,245,1,,,
flowers,246,1,,,
moon,247,1,,,
Anorexia ,248,1,,,
Jack Renton,249,2,,,
music,250,1,,,
science,251,1,,,1
Celestial,252,1,,,
botany,253,1,,,1
Mariposa,254,1,,,
Math,255,1,,,
"""Gay men.""",256,2,1,,
flowers,257,1,,,
Photograhpy,258,1,,,
anatomy,259,1,,,
anatomy,260,1,,,
lung,261,1,,,
CHANGES,262,1,,,
derecho ,263,1,,,
taurus,264,1,,,
paintings,265,1,,,1
embryo ,267,1,,,
mexico,268,1,,,
lesbian,269,1,,,
cuidad,270,1,,,
Butterflies,271,1,,,
anatomy,272,1,,,
flowers,273,1,,,
architecture,274,1,,,
anatomy,275,1,,,
mariposas,276,1,,,
new york,277,2,,,
paintings,278,1,,,1
botany,279,1,,,1
figs,280,1,,,
Anatomy,281,1,,,
botany,282,1,,,1
Monstera,283,1,,,
colourful lion,285,2,,,
Skull,286,1,,,
anatomy,288,1,,,
Gay,289,1,,,
asthetic,290,1,,,
astronomy,291,1,,,
walles,292,1,,,
Anatomy ,293,1,,,
anatomy,294,1,,,
surgeon's lamp,295,2,,,
plants,296,1,,,
optics,297,1,,,1
philippon pierre,298,2,,,
papas,299,1,,,
optics,300,1,,,1
botany,302,1,,,1
Imagen vintage,303,2,,,
beach,304,1,,,
Zodiac,305,1,,,
greenwich hospital,306,2,,,
science,307,1,,,1
paintings,308,1,,,1
optics,309,1,,,1
quacks,310,1,,,1
Italy,311,1,,,
anatomy ,312,1,,,
anatomy,313,1,,,
astrology,314,1,,,
flores,315,1,,,
chickpeas ,316,1,,,
sun,317,1,,,1
brush,318,1,,,
cryptids,319,1,,,
italy,320,1,,,
botany,321,1,,,1
zodiac,322,1,,,
Planta,323,1,,,
bat,324,1,,,
dead,325,1,,,
botany,326,1,,,1
mind,327,1,,,
Butterflies,328,1,,,
data analysis,329,2,,,
Vintage,330,1,,,
art,331,1,,,
bioreactor,332,1,,,
paintings,333,1,,,1
botany,334,1,,,1
health,335,1,,,1
Aquarius,336,1,,,
Food,337,1,,,
"""Albert Londe""",338,2,1,,
botany,339,1,,,1
health,340,1,,,1
Edgy,341,1,,,
phylogeny,342,1,,,
butterflies,343,1,,,
robert fludd,344,2,,,
anatomy,345,1,,,
anime,346,1,,,
Hisoka,347,1,,,
MARX,348,1,,,
Esculturas ,349,1,,,
Anatomy,350,1,,,
paintings,351,1,,,1
botany,352,1,,,1
law,353,1,,,
vampires,354,1,,,
design,355,1,,,
Anatomy,356,1,,,
botany,357,1,,,1
anatomy,358,1,,,
malta,359,1,,,
stars,360,1,,,
butterfly,361,1,,,
sebastian,362,1,,,
Fantasy,363,1,,,
Pink,364,1,,,
quacks,365,1,,,1
Music,366,1,,,
Groovy,367,1,,,
Astronomy,368,1,,,
optics,369,1,,,1
nude men ,370,2,,,
victorian,371,1,,,
anatomy,372,1,,,
Nervous system,373,2,,,
Butterflyes,374,1,,,
"""Heart.""",376,1,1,,
anatomy,377,1,,,
botany,378,1,,,1
energy,379,1,,,
Frida kahlo,380,2,,,
Sex,381,1,,,
Moon,382,1,,,
botany,383,1,,,1
anatomy,384,1,,,
botany,385,1,,,1
dowell,386,1,,,
england,387,1,,,
"""Rowan McOnegal""",388,2,1,,
Caribbean slave,389,2,,,
botany,390,1,,,1
stars,391,1,,,
Anatomy,392,1,,,
anatomy,393,1,,,
dubai,394,1,,,
Maps,396,1,,,
botany,397,1,,,1
Scull,398,1,,,
monstera,399,1,,,
constellations,400,1,,,
botany,401,1,,,1
dogs,402,1,,,
Carros,403,1,,,
blueming,404,1,,,
cardiac physiology,405,2,,,
gwv62367,406,1,,,
rich,407,1,,,
flores,408,1,,,
perros,409,1,,,
paintings,410,1,,,1
botany,411,1,,,1
cherry blossom,412,2,,,
botany,413,1,,,1
Witch ,414,1,,,
cat,415,1,,,
Anatomy,416,1,,,
fashion,418,1,,,
anatomy,419,1,,,
Symphony,420,1,,,
zodiac,421,1,,,
CAPIVARA,422,1,,,
ROCK,423,1,,,
Alfred king,424,2,,,
anatomy,425,1,,,
mushroom ,426,1,,,
kopenavhen,427,1,,,
science,428,1,,,1
butterfly,429,1,,,
Star wars ,431,2,,,
butterflies,432,1,,,
Anatomy,433,1,,,
anatomy,434,1,,,
open,435,1,,,
Naked African,436,2,,,
anatomy,437,1,,,
markham,438,1,,,
butterfly,439,1,,,
van gogh,440,2,,,
captain kidd,441,2,,,
astronomia,442,1,,,
rock,443,1,,,
prisoners,444,1,,,
butterfloy,445,1,,,
Anatomy,446,1,,,
anatomy,447,1,,,
mariposas,448,1,,,
cottage,449,1,,,
space art,450,2,,,
botany,451,1,,,1
medical,452,1,,,
Space,453,1,,,
Salomon Trismosin,454,2,,,
anatomy,455,1,,,
Anatomy,456,1,,,
botany,457,1,,,1
"""Nudity.""",458,1,1,,
art,459,1,,,
planets,460,1,,,
HERACLITUS,461,1,,,
astrology,462,1,,,
bugs,463,1,,,
flores,464,1,,,
science,465,1,,,1
phisic,466,1,,,
angel,467,1,,,
g,468,1,,,
botany,469,1,,,1
Capricorn,470,1,,,
paintings,472,1,,,1
botany,473,1,,,1
Geography ,474,1,,,
stomach,475,1,,,
Mushroom ,476,1,,,
morpeth 1848,477,2,,,
botany,479,1,,,1
anatomy,480,1,,,
Solar system ,481,2,,,
mountain,482,1,,,
violin,483,1,,,
frames,484,1,,,
memento mori,485,2,,,
botany,486,1,,,1
health,487,1,,,1
anatomy,488,1,,,
paintings,489,1,,,1
map,490,1,,,
zodiac sign ,491,2,,,
breast cancer,492,2,,,
china,493,1,,,
Cherries,494,1,,,
diagnosis,495,1,,,
botany,496,1,,,1
rock,497,1,,,
butterflies,498,1,,,
flowers,499,1,,,
mar,500,1,,,
plant aesthetic,501,2,,,
plantas,502,1,,,
sexuality,503,1,,,
Astronomy,504,1,,,
Anatomy ,505,1,,,
"""Pictures""",506,1,1,,
Zodiac,507,1,,,
Butterflies,508,1,,,
anatony,509,1,,,
sterilisation,510,1,,,
Skater,511,1,,,
anatomy,512,1,,,
astrology,513,1,,,
optics,514,1,,,1
kurt cobain,515,2,,,
botany,516,1,,,1
anatomy,517,1,,,
anatomy,518,1,,,
butterfly,519,1,,,
commerce,520,1,,,
butterflies,521,1,,,
the sky,522,2,,,
paintings,523,1,,,1
Anatomy,524,1,,,
Van Gogh,525,2,,,
vintage medical,526,2,,,
Karachi,527,1,,,
anatomy,529,1,,,
solar panel,530,2,,,
maps,531,1,,,
"""3D Imaging""",532,2,1,,
Pierre Gaxotte,533,2,,,
anatomy,534,1,,,
anatomy,535,1,,,
flowers,536,1,,,
Oliver Cromwell ,537,2,,,
Tumblet,538,1,,,
flowers,539,1,,,
Anatomy,540,1,,,
sagittarius,541,1,,,
bugs,542,1,,,
anatomy,543,1,,,
desperate,544,1,,,
sun,545,1,,,1
art,546,1,,,
zodiac signs,547,2,,,
Stars,548,1,,,
tourism,549,1,,,
Anatomy ,550,1,,,
botany,551,1,,,1
health,552,1,,,1
spemr,553,1,,,
paintings,554,1,,,1
sun,555,1,,,1
butterflies,556,1,,,
Beleza,557,1,,,
sun,558,1,,,1
anatomy,560,1,,,
science,561,1,,,1
Personas,562,1,,,
vintage,563,1,,,
signs,564,1,,,
Stranberrys,565,1,,,
dress,566,1,,,
Anatomy,567,1,,,
digital,568,1,,,
picasso,569,1,,,
toys,570,1,,,
butterfly,571,1,,,
butterflies,572,1,,,
heart,573,1,,,
Vira vira,574,2,,,
paintings,575,1,,,1
spiders,576,1,,,
Anatomy,577,1,,,
vitiligo,578,1,,,
chanel,579,1,,,
social media,580,2,,,
brunschwig,581,1,,,
Anatomy,582,1,,,
serpents,583,1,,,
anatomy,584,1,,,
astroo,585,1,,,
snakes,586,1,,,
butterfly,587,1,,,
sex,588,1,,,
paintings,589,1,,,1
Mole crocket,590,2,,,
thomson ,591,1,,,
plant anatomy,592,2,,,
liver,593,1,,,
british museum,594,2,,,
caraka samhita,595,2,,,
aquarela,596,1,,,
ulnar,597,1,,,
Houdini,598,1,,,
Anatomy‚Äôs ,599,1,,,
anatomy,600,1,,,
Surgery,601,1,,,
Plants,602,1,,,
shakespeare,603,1,,,
zodiac,604,1,,,
quacks,605,1,,,1
tea,606,1,,,
Sky,607,1,,,
Wings,608,1,,,
avatar,609,1,,,
paintings,610,1,,,1
flowers,611,1,,,
Anatomy,612,1,,,
ciudades utopicas,613,2,,,
sunset,614,1,,,
dorian gray,615,2,,,
As,616,1,,,
butterflyes,617,1,,,
anatomy,618,1,,,
anatomy,619,1,,,
London snow,621,2,,,
Faces,622,1,,,
sweating portrait,624,2,,,
fossils,625,1,,,
plants,626,1,,,
Mugshot,627,1,,,
Medical,628,1,,,
covid19 mudasgar,629,2,,,
paintings,630,1,,,1
science,631,1,,,1
flores,632,1,,,
Floral,634,1,,,
anatomy,635,1,,,
"""Simmons, Owen.""",636,2,1,,
Flowers,637,1,,,
anatomy,638,1,,,
HORROR,639,1,,,
hood,640,1,,,
plants,641,1,,,
Anatomy,642,1,,,
TRANSLATION,643,1,,,
zodiac,644,1,,,
optics,645,1,,,1
Chlamydia,646,1,,,
Anatomy,647,1,,,
optics,648,1,,,1
Caracal,649,1,,,
mariposas,650,1,,,
pantiles,651,1,,,
botany,652,1,,,1
Anatomy,653,1,,,
Feminism,654,1,,,
butteflies,655,1,,,
smallpox,656,1,,,
hematology,657,1,,,
Cactus,659,1,,,
Loimologia:,660,1,,,
Anatomy,661,1,,,
anatomy,662,1,,,
skeleton ,663,1,,,
anatomy,664,1,,,
Plants,665,1,,,
zodiac signs,666,2,,,
Zodiac signs,667,2,,,
Vintage,668,1,,,
Erbs,669,1,,,
sun,670,1,,,1
science,671,1,,,1
Anatomy,672,1,,,
botany,673,1,,,1
malpighi,674,1,,,
Shell Shock,675,2,,,
girl power,676,2,,,
Vsco,677,1,,,
"""Surgery, instruments""",678,2,1,,
sun,679,1,,,1
may day,680,2,,,
botany,681,1,,,1
sun,682,1,,,1
st pauls,683,2,,,
anatomy,684,1,,,
zodiac signs,685,2,,,
1930's art,686,2,,,
covid,687,1,,,
plague,689,1,,,
medival,690,1,,,
lawyer,691,1,,,
portraits,692,1,,,
Anatomy,694,1,,,
cistitis,695,1,,,
70s,696,1,,,
anatomy,697,1,,,
sun,698,1,,,1
anatomy,699,1,,,
gold,700,1,,,
Vintage,701,1,,,
cat,702,1,,,
Sun,703,1,,,1
Plants,704,1,,,
billie eilish,705,2,,,
Anatomy,706,1,,,
M0003679,707,1,,,
botany,708,1,,,1
rock,709,1,,,
vintage ,710,1,,,
Watercolour ,712,1,,,
paintings,713,1,,,1
tropical ,714,1,,,
Solar system,715,2,,,
sky,716,1,,,
jumping rope,717,2,,,
anatomy,718,1,,,
Mariposas,719,1,,,
astrology ,720,1,,,
astrologer,721,1,,,
tai ping,722,2,,,
optics,723,1,,,1
anatomy,724,1,,,
ciudades,725,1,,,
arcos faringeos,726,2,,,
Blonde ,727,1,,,
fireman,728,1,,,
Plants,729,1,,,
anatomy,730,1,,,
Mitologia,731,1,,,
paintings,732,1,,,1
health,733,1,,,1
Raccoon,734,1,,,
botany,735,1,,,1
Butterfly ,736,1,,,
astronomy,737,1,,,
Sagittarius,738,1,,,
Anatomy,739,1,,,
botany,740,1,,,1
yellow,741,1,,,
plague,742,1,,,
lines,743,1,,,
Map,744,1,,,
sun,745,1,,,1
moon,746,1,,,
Zodiac sign ,747,2,,,
Harry styles ,748,2,,,
VINTAGE,749,1,,,
Biology,751,1,,,
aviation ,752,1,,,
anatomy,753,1,,,
nature,754,1,,,
anatomy,755,1,,,
books,756,1,,,
Anatomy,757,1,,,
anatomy,758,1,,,
Biology,759,1,,,
Sex,761,1,,,
turtleneck necklace,762,2,,,
Flowers,763,1,,,
Mushrooms,764,1,,,
sun,765,1,,,1
butterflys,767,1,,,
paintings,768,1,,,1
marble tazza,769,2,,,
bread,770,1,,,
Anatomy,771,1,,,
PERSONS,772,1,,,
poster,773,1,,,
paintings,774,1,,,1
science,775,1,,,1
aesthetic,776,1,,,
sun,777,1,,,1
sex,778,1,,,
Anatomy ,779,1,,,
taurus,780,1,,,
botany,781,1,,,1
anatomy,782,1,,,
Actuacion,783,1,,,
anatomy,784,1,,,
Anatomy,785,1,,,
sky,786,1,,,
astrology,787,1,,,
 helena,788,1,,,
multidisciplinary team,789,2,,,
billie eilish,790,2,,,
hun,791,1,,,
salon,792,1,,,
plants,793,1,,,
sex,794,1,,,
Flowers,795,1,,,
opium pipe,796,2,,,
sex,797,1,,,
Botanical ,799,1,,,
vintage,800,1,,,
anatomy,801,1,,,
Animals ,802,1,,,
dragon,803,1,,,
Kids,804,1,,,
sun,805,1,,,1
anatomy,806,1,,,
Barbara Hepworth,807,2,,,
sad,808,1,,,
Pond,809,1,,,
Mary,810,1,,,
empanadas,811,1,,,
impero giapponese,812,2,,,
maps,813,1,,,
"""Stars.""",814,1,1,,
physicist,815,1,,,
Anatomy ,816,1,,,
Anatomy,817,1,,,
Cottage core,818,2,,,
health,819,1,,,1
Venice,820,1,,,
plants,821,1,,,
vintage ,823,1,,,
Books,824,1,,,
25,825,1,,,
science,827,1,,,1
Flowers ,828,1,,,
anatomy,829,1,,,
Astrology,830,1,,,
Art,831,1,,,
Anatomy,832,1,,,
Witchcraft,833,1,,,
patent specification,834,2,,,
katie scott,835,2,,,
medicine,836,1,,,
Aesthetic ,837,1,,,
art,838,1,,,
planet,839,1,,,
Bts,840,1,,,
patent,841,1,,,
acab,842,1,,,
Art,843,1,,,
butterfly,844,1,,,
background,845,1,,,
Witch,846,1,,,
Memento mori,847,2,,,
Anatomy ,848,1,,,
barbeque,849,1,,,
"""Etchings.""",850,1,1,,
anatomy,851,1,,,
mushrooms,852,1,,,
health,853,1,,,1
Anatomy ,854,1,,,
sun,855,1,,,1
Anatomi,856,1,,,
argentina,857,1,,,
diamonds,858,1,,,
cats,859,1,,,
flowers,860,1,,,
chamomile,861,1,,,
paintings,862,1,,,1
tarot,863,1,,,
maps ,864,1,,,
vogue,865,1,,,
latin,866,1,,,
Supermarket,867,1,,,
quacks,868,1,,,1
protein,869,1,,,
cell line,870,2,,,
"""BREAST-FEEDING""",871,1,1,,
butterfly,872,1,,,
space,873,1,,,
clothing ,874,1,,,
coborriu golf,875,2,,,
food,876,1,,,
"""Pets.""",877,1,1,,
"""Women heroes.""",878,2,1,,
health,879,1,,,1
Bts,880,1,,,
vintage,881,1,,,
vintage,882,1,,,
Boemian,883,1,,,
gall phrenology,884,2,,,
"""Death.""",885,1,1,,
fly eye,886,2,,,
engraving,887,1,,,
Paris,888,1,,,
chambermaid,889,1,,,
anatomy,890,1,,,
quinn,891,1,,,
Anatomy ,892,1,,,
moon,893,1,,,
butterflies,894,1,,,
paintings,895,1,,,1
Have Another,896,2,,,
Exotic,897,1,,,
Birds ,898,1,,,
astrology ,899,1,,,
qom,900,1,,,
anatomy,901,1,,,
psychology,902,1,,,
vintage,903,1,,,
Groaning chair,904,2,,,
Anatomy ,905,1,,,
health,906,1,,,1
anatomy,907,1,,,
flowers,908,1,,,
Roman medicine,909,2,,,
Portrait,910,1,,,
initial,911,1,,,
botany,912,1,,,1
anatomy,913,1,,,
tomy,914,1,,,
sanek,915,1,,,
Anatomy ,916,1,,,
Architecture,917,1,,,
athena,918,1,,,
mushroom,919,1,,,
anatomy,920,1,,,
anatomy,921,1,,,
anatomy ,922,1,,,
china,923,1,,,
botany,924,1,,,1
Madness ,926,1,,,
sexual aids,927,2,,,
mushroom,928,1,,,
calculus,929,1,,,
70s,930,1,,,
ART,931,1,,,
kidneys,932,1,,,
sickle cell ,933,2,,,
anona,935,1,,,
Anatomy,936,1,,,
Astrology,937,1,,,
heart ,938,1,,,
paintings,939,1,,,1
anglerfish,940,1,,,
vintage,941,1,,,
anatomy,942,1,,,
Astronomy,943,1,,,
Naked child,944,2,,,
paintings,945,1,,,1
eyes,946,1,,,
fam√≠lia,947,1,,,
taylor swift,948,2,,,
summer,949,1,,,
Soccer,950,1,,,
tottenham,951,1,,,
Harry Potter,952,2,,,
epsilon,953,1,,,
anatomy ,954,1,,,
Alfred king,955,2,,,
Space,956,1,,,
Butterfly,957,1,,,
anatomy,958,1,,,
baby,959,1,,,
frog,960,1,,,
paintings,961,1,,,1
eleemosyn√¶,962,1,,,
rat,963,1,,,
the smiths,964,2,,,
Anatomy,965,1,,,
geometric,966,1,,,
astrology,967,1,,,
anatomy,968,1,,,
leonowens,969,1,,,
public domain,970,2,,,
Moda,971,1,,,
4 humours,972,2,,,
John martin,973,2,,,
Butterflies ,974,1,,,
science,975,1,,,1
cardiology,976,1,,,
neurons,977,1,,,
nep,978,1,,,
sun,979,1,,,1
botany,980,1,,,1
health,981,1,,,1
vintage,982,1,,,
vaporwave,983,1,,,
Salammb√¥,984,1,,,
pensador,985,1,,,
crynoline,986,1,,,
dieties,987,1,,,
alligator,988,1,,,
Anatomie,989,1,,,
animals,990,1,,,
preteens,991,1,,,
paintings,992,1,,,1
anatomy,993,1,,,
anatomy,994,1,,,
black market,995,2,,,
papillions,996,1,,,
botany,997,1,,,1
anatomy,998,1,,,
anatomy,999,1,,,
"""Sanitation.""",1000,1,1,,
Euclides,1001,1,,,
flowers,1002,1,,,
Anatomy,1003,1,,,
vintage,1004,1,,,
Flower,1005,1,,,
stars,1006,1,,,
clothing,1007,1,,,
science,1008,1,,,1
pierrots,1009,1,,,
Modern art,1010,2,,,
botanic,1012,1,,,
aesthetic,1013,1,,,
anatomy,1014,1,,,
Queen Victoria,1015,2,,,
ambroise pare,1016,2,,,
Physiology ,1019,1,,,
retro,1020,1,,,
maps,1021,1,,,
biology,1022,1,,,
design,1023,1,,,
augustine,1024,1,,,
quacks,1026,1,,,1
Flores ,1027,1,,,
ghost,1028,1,,,
the godfather,1029,2,,,
cold war,1030,2,,,
Flowers,1031,1,,,
bootcamp,1033,1,,,
mobj,1034,1,,,
botany,1035,1,,,1
paintings,1036,1,,,1
anatomy,1037,1,,,
harry styles,1038,2,,,
giambattista panciani,1039,2,,,
science,1040,1,,,1
Plants,1041,1,,,
drippy,1042,1,,,
anatomy,1043,1,,,
butterfly,1044,1,,,
planets,1045,1,,,
belle epoque,1046,2,,,
Bees,1047,1,,,
celestial chart ,1048,2,,,
anatomy,1049,1,,,
sorcerer ,1050,1,,,
anatomy,1051,1,,,
Astronomy,1054,1,,,
audio description,1055,2,,,
zulu war,1056,2,,,
advertising,1057,1,,,
literature ,1058,1,,,
lady,1059,1,,,
flasks,1060,1,,,
science,1062,1,,,1
care bears,1063,2,,,
Flowere,1064,1,,,
Princess,1065,1,,,
Architecture ,1066,1,,,
Anatomy ,1067,1,,,
genetic engineering,1068,2,,,
anathomy,1069,1,,,
flowers,1070,1,,,
Butterflies,1071,1,,,
Indie ,1072,1,,,
Jude Law,1074,2,,,
zarzaparrilla,1075,1,,,
Zodiac ,1076,1,,,
anatomy,1077,1,,,
health,1078,1,,,1
flowers,1079,1,,,
turned paulista,1080,2,,,
botany,1081,1,,,1
Arte,1082,1,,,
endell street,1083,2,,,
fashion,1084,1,,,
sun,1085,1,,,1
Anatomy ,1086,1,,,
Magdeburg hemispheres,1087,2,,,
gemini,1088,1,,,
anatomy,1089,1,,,
anatomy,1090,1,,,
botany,1091,1,,,1
aesthetics,1092,1,,,
equity,1093,1,,,
Butterflies,1094,1,,,
paintings,1095,1,,,1
paintings,1096,1,,,1
weird,1097,1,,,
anchovies,1098,1,,,
Anatomy,1099,1,,,
unicorn,1100,1,,,
Covid mask,1102,2,,,
anatomy,1103,1,,,
plus size,1105,2,,,
anatomy,1106,1,,,
anatomy,1107,1,,,
butterflys,1108,1,,,
"Simmons, owen",1109,2,,,
science,1110,1,,,1
Flowers,1111,1,,,
anatomy,1112,1,,,
sagittarius,1113,1,,,
textile,1114,1,,,
nature,1115,1,,,
sun,1116,1,,,1
paintings,1118,1,,,1
VACCINAE VINDICIA,1119,2,,,
Rocket,1120,1,,,
s3 L0057000_L0057740,1121,2,,,
Diarama,1122,1,,,
domestic violence,1123,2,,,
anatomy ,1124,1,,,
Anatomy ,1125,1,,,
botany,1126,1,,,1
liver ultrastructure,1127,2,,,
dragon,1129,1,,,
optics,1130,1,,,1
intects,1131,1,,,
plants,1132,1,,,
sun,1133,1,,,1
Kulu,1134,1,,,
libra,1135,1,,,
anatomy,1137,1,,,
music,1138,1,,,
Hardinge,1139,1,,,
zodiac signs,1140,2,,,
anatomy,1141,1,,,
volta,1143,1,,,
avicenna,1144,1,,,
paddington,1145,1,,,
"""J. Thomson""",1147,2,1,,
Trippy,1148,1,,,
golden temple,1149,2,,,
plants,1150,1,,,
anatomy,1151,1,,,
play well,1152,2,,,
intimate worlds,1153,2,,,
"""Ephemera""",1154,1,1,,
ymca,1155,1,,,
anime,1156,1,,,
"""Qigong""",1157,1,1,,
anatomy,1158,1,,,
francis crick,1159,2,,,
zodiac signs,1160,2,,,
dogs,1161,1,,,
Ironworks,1162,1,,,
astrology,1163,1,,,
chinese medicine,1164,2,,,
Photography,1165,1,,,
flowers,1166,1,,,
Witchcraft,1167,1,,,
Debris,1168,1,,,
Tarot,1169,1,,,
M0001545,1170,1,,,
philippines,1171,1,,,
patio,1172,1,,,
Nasa,1173,1,,,
Romania,1174,1,,,
paintings,1175,1,,,1
Angels,1176,1,,,
science,1177,1,,,1
V0030945,1178,1,,,
sociology,1179,1,,,
botany,1180,1,,,1
arctic,1181,1,,,
Anatomy,1182,1,,,
ramnagar,1183,1,,,
Corbould,1184,1,,,
Butterflies ,1185,1,,,
"""Instruments""",1186,1,1,,
man lying,1187,2,,,
harry styles,1188,2,,,
libra,1189,1,,,
coffee,1190,1,,,
"""KING CHOLERA""",1192,2,1,,
Bee,1193,1,,,
junji ito,1194,2,,,
anatomy,1195,1,,,
Flower,1196,1,,,
doctors houses,1197,2,,,
,1198,0,,1,
anatomy,1199,1,,,
health,1200,1,,,1
chinese,1201,1,,,
astro,1202,1,,,
spain,1203,1,,,
anatomy,1204,1,,,
botany,1205,1,,,1
books,1206,1,,,
botany,1207,1,,,1
anatomy,1208,1,,,
botany,1209,1,,,1
Le Brun,1210,2,,,
Billie,1211,1,,,
Astronomy ,1212,1,,,
JOHN Franklin,1213,2,,,
ARCHITECTURE,1214,1,,,
anathomy],1215,1,,,
She ra,1216,2,,,
anatomy,1217,1,,,
olive,1218,1,,,
MNEME,1219,1,,,
Anatomy,1220,1,,,
bendelow,1221,1,,,
atopic dermatitis,1222,2,,,
brain,1223,1,,,
beach,1224,1,,,
Vintage,1225,1,,,
Anatomy,1226,1,,,
Engineering,1227,1,,,
pontes,1228,1,,,
brain,1229,1,,,
lady,1230,1,,,
fly,1232,1,,,
ferdinand infante,1233,2,,,
Cook,1235,1,,,
couple photoshoot,1236,2,,,
paintings,1237,1,,,1
flowers ,1238,1,,,
anatomy,1239,1,,,
Anatomy,1240,1,,,
Witchcraft,1241,1,,,
Aesthetic,1242,1,,,
anatomy,1243,1,,,
science,1244,1,,,1
acupuncture channels,1245,2,,,
Hammock,1246,1,,,
epidemic,1247,1,,,
"""Lithographs.""",1248,1,1,,
paintings,1249,1,,,1
vintage,1250,1,,,
quacks,1251,1,,,1
jazz,1252,1,,,
anatomy,1253,1,,,
health,1254,1,,,1
Anatomy ,1255,1,,,
ghibli,1256,1,,,
covid,1258,1,,,
world war ,1259,2,,,
Space,1260,1,,,
paintings,1262,1,,,1
ledger,1263,1,,,
botany,1264,1,,,1
Eye,1265,1,,,
abstract,1266,1,,,
Anatom√≠a,1268,1,,,
beauty,1269,1,,,
chemistry,1270,1,,,
sun,1271,1,,,1
florak,1272,1,,,
Virgo,1273,1,,,
"""John Gilbert""",1274,2,1,,
records,1275,1,,,
biology,1276,1,,,
cocoon,1277,1,,,
menstrual,1278,1,,,
doctors bag,1279,2,,,
james+gillray,1280,2,,,1
quacks,1281,1,,,1
phrenology,1282,1,,,
Beastiality,1283,1,,,
flowers,1284,1,,,
mccandless infographic,1285,2,,,
ylang ylang,1286,2,,,
botany,1287,1,,,1
happiness,1288,1,,,
freedome,1289,1,,,
anatomy,1290,1,,,
pearl,1291,1,,,
James Phipps,1292,2,,,
horror movies,1293,2,,,
cigarette,1295,1,,,
Hellfire Club,1296,2,,,
Heart,1297,1,,,
Anatomy ,1298,1,,,
Anatomy,1299,1,,,
caraka samhita,1300,2,,,
Hearth,1301,1,,,
Crowns,1302,1,,,
anatomy,1303,1,,,
Rome,1304,1,,,
Bernard Siegfried,1305,2,,,
botanic,1306,1,,,
botany,1308,1,,,1
vaccines,1309,1,,,
botany,1310,1,,,1
botany,1311,1,,,1
art ,1312,1,,,
death,1313,1,,,
botany,1314,1,,,1
Belzoni,1316,1,,,
Amedeo Avogadro,1317,2,,,
History,1318,1,,,
Games,1320,1,,,
Summer,1321,1,,,
anatonomy,1322,1,,,
Anatomy,1323,1,,,
Wiccan,1324,1,,,
medical photography,1325,2,,,
troika,1326,1,,,
plants,1327,1,,,
rose,1328,1,,,
maps,1329,1,,,
insulin pump ,1330,2,,,
butterflies,1331,1,,,
Dandelion,1332,1,,,
mask,1333,1,,,
Hearts anatomy,1334,2,,,
paintings,1335,1,,,1
gustav inferno,1336,2,,,
quacks,1337,1,,,1
"""Ernest Board""",1338,2,1,,
Fashion,1340,1,,,
song ,1342,1,,,
park design,1343,2,,,
angel,1344,1,,,
vintage,1345,1,,,
Zodiac,1346,1,,,
"""Simmons, Owen.""",1347,2,1,,
ANATOMY ,1348,1,,,
botany,1349,1,,,1
raphael,1350,1,,,
celestial map,1351,2,,,
health,1352,1,,,1
botany,1353,1,,,1
anatomy,1354,1,,,
paintings,1355,1,,,1
cholera,1356,1,,,
anatomy,1357,1,,,
Anatomy,1358,1,,,
lambroso,1359,1,,,
butterfly,1360,1,,,
atonomy,1361,1,,,
breast cancer,1362,2,,,
Music,1363,1,,,
Broadway,1364,1,,,
anatomy,1365,1,,,
hanuman ,1366,1,,,
botany,1367,1,,,1
Star signs,1368,2,,,
potato,1369,1,,,
chakra,1370,1,,,
zodiac,1371,1,,,
paintings,1372,1,,,1
science,1373,1,,,1
seattle,1374,1,,,
Anatomy,1375,1,,,
pink,1376,1,,,
existentialism ,1377,1,,,
anatomy,1378,1,,,
astrology ,1380,1,,,
Flowers ,1381,1,,,
Marketing ,1382,1,,,
nursing ,1383,1,,,
women,1384,1,,,
femme,1385,1,,,
Kennedy,1386,1,,,
botany,1387,1,,,1
scorpio,1388,1,,,
"""Periodical illustrations.""",1390,2,1,,
Anatomy,1391,1,,,
paintings,1392,1,,,1
poster,1393,1,,,
davinci,1394,1,,,
bebe,1395,1,,,
Angel,1397,1,,,
botany,1398,1,,,1
women protest,1399,2,,,
paintings,1400,1,,,1
botany,1401,1,,,1
Love,1402,1,,,
anatomy,1403,1,,,
Sun,1404,1,,,1
Anatomy,1405,1,,,
Flowers,1406,1,,,
anatomy,1407,1,,,
zodiac,1408,1,,,
botany,1409,1,,,1
anatomy,1410,1,,,
aesthetic,1411,1,,,
Anatomy,1412,1,,,
Face,1413,1,,,
Anatomy,1414,1,,,
butterflyes,1415,1,,,
Psicologa,1416,1,,,
Coffee ,1417,1,,,
anatomy,1418,1,,,
Anotomy,1419,1,,,
anatomy,1421,1,,,
Renaissance ,1422,1,,,
sun,1423,1,,,1
Butterflies,1424,1,,,
miles berkeley,1425,2,,,
biology ,1426,1,,,
anatomy,1427,1,,,
botany,1428,1,,,1
Empresa ,1429,1,,,
urn,1430,1,,,
anatom√≠a,1431,1,,,
vangough,1432,1,,,
paintings,1433,1,,,1
SHARK,1434,1,,,
capilarity,1435,1,,,
zodiac signs,1436,2,,,
Pastry,1437,1,,,
Butterfly ,1438,1,,,
astrology,1439,1,,,
anatomy,1440,1,,,
Communism ,1441,1,,,
Vintage,1442,1,,,
anime,1443,1,,,
anatomy,1444,1,,,
bar,1445,1,,,
Zodiac sign,1446,2,,,
ballad,1447,1,,,
health,1448,1,,,1
Injection ,1449,1,,,
quacks,1451,1,,,1
"""Trisomy 21""",1452,2,1,,
sun,1453,1,,,1
paintings,1454,1,,,1
"""Poppy""",1455,1,1,,
health,1456,1,,,1
paintings,1457,1,,,1
Kylie jenner,1458,2,,,
Math,1459,1,,,
Anatomy,1460,1,,,
lgbt,1461,1,,,
Anatomy,1462,1,,,
music,1463,1,,,
Indie kid,1464,2,,,
anatomy,1465,1,,,
butterfly,1466,1,,,
Maps,1467,1,,,
optics,1468,1,,,1
cro magnon,1469,2,,,
Minimalist,1471,1,,,
Occult,1472,1,,,
botany,1473,1,,,1
Dentist,1474,1,,,
botany,1475,1,,,1
botany,1476,1,,,1
Clock,1477,1,,,
Mahabharata,1478,1,,,
decolonisation,1479,1,,,
MINIMALIST,1480,1,,,
paintings,1481,1,,,1
Flowers,1482,1,,,
Witch,1483,1,,,
botany,1484,1,,,1
Botanical,1485,1,,,
james+gillray,1486,2,,,1
botany,1487,1,,,1
anatomy,1488,1,,,
paintings,1489,1,,,1
astronomy,1490,1,,,
love,1491,1,,,
couples,1492,1,,,
Anatomy,1493,1,,,
Flowers,1494,1,,,
sun,1495,1,,,1
bones anatomy,1496,2,,,
botany,1497,1,,,1
Moths,1498,1,,,
sun,1499,1,,,1
paintings,1500,1,,,1
anatomy,1501,1,,,
India,1502,1,,,
zodiac,1503,1,,,
botany,1504,1,,,1
schnee,1505,1,,,
music,1506,1,,,
black death,1507,2,,,
Firefighter,1508,1,,,
glaciers ,1509,1,,,
spirituality,1510,1,,,
Witchy,1511,1,,,
Birds,1512,1,,,
Zodiac ,1513,1,,,
sun,1514,1,,,1
trout,1515,1,,,
spiritual,1516,1,,,
plants ,1517,1,,,
vintage,1518,1,,,
paintings,1519,1,,,1
sun,1520,1,,,1
sun,1521,1,,,1
maps,1522,1,,,
paintings,1524,1,,,1
Portugal,1525,1,,,
anatomy,1526,1,,,
botany,1527,1,,,1
butterflies,1528,1,,,
anatomy,1529,1,,,
paintings,1530,1,,,1
taurus,1531,1,,,
butterflowers,1532,1,,,
fashion,1533,1,,,
movies,1534,1,,,
Bultteflites,1535,1,,,
botany,1536,1,,,1
Flowers,1537,1,,,
Map,1538,1,,,
cuco,1539,1,,,
butterfflies,1540,1,,,
paintings,1541,1,,,1
Anatomy,1542,1,,,
cuadros,1543,1,,,
Anatomy,1544,1,,,
paintings,1545,1,,,1
Math,1546,1,,,
vintage,1547,1,,,
Faes,1548,1,,,
writing letters,1549,2,,,
flowers,1550,1,,,
harry styles,1551,2,,,
Hojas,1552,1,,,
butterfly,1553,1,,,
paintings,1554,1,,,1
paintings,1555,1,,,1
anatomy,1556,1,,,
flowers,1557,1,,,
Rennaisance,1558,1,,,
shyness,1559,1,,,
paintings,1560,1,,,1
books,1561,1,,,
trader,1562,1,,,
Animals,1563,1,,,
butterflies,1564,1,,,
stars,1565,1,,,
asolecentes,1566,1,,,
woodcut,1567,1,,,
history,1568,1,,,
Anatomy,1569,1,,,
FURNITURE,1570,1,,,
Mythology ,1571,1,,,
Paisajes,1572,1,,,
moth,1573,1,,,
astrology,1574,1,,,
Virgo,1575,1,,,
Butterflies ,1576,1,,,
astrology,1578,1,,,
building,1579,1,,,
ocean,1580,1,,,
Espejos,1581,1,,,
butterfly,1582,1,,,
botany,1583,1,,,1
"""Intersex people.""",1584,2,1,,
love,1585,1,,,
sun,1586,1,,,1
alex prager,1587,2,,,
Camera,1588,1,,,
butterfais,1589,1,,,
Timothy Chalamet ,1590,2,,,
anatomy,1591,1,,,
butterfly,1592,1,,,
medicine,1593,1,,,
beatles,1594,1,,,
Anatomy,1595,1,,,
science,1596,1,,,1
paintings,1597,1,,,1
Plants,1598,1,,,
journalism,1599,1,,,
quacks,1600,1,,,1
anatomy,1602,1,,,
beach,1603,1,,,
seattle ,1604,1,,,
anatomy,1605,1,,,
Coffee,1606,1,,,
Landscape,1607,1,,,
anatomy,1608,1,,,
zodiac signs,1609,2,,,
biochemistry,1610,1,,,
cottage,1611,1,,,
botany,1612,1,,,1
butterflies ,1613,1,,,
gato,1614,1,,,
Mind,1615,1,,,
wicca,1617,1,,,
travel,1618,1,,,
Libra,1619,1,,,
art,1620,1,,,
Fairies,1621,1,,,
music,1622,1,,,
Vintage vogue ,1623,2,,,
science,1624,1,,,1
botany,1625,1,,,1
dientes,1626,1,,,
Authorities ,1627,1,,,
Mushrooms,1628,1,,,
Anatomy,1629,1,,,
science,1630,1,,,1
munching,1631,1,,,
botany,1632,1,,,1
Astrology,1633,1,,,
Diabetes,1634,1,,,
botany,1635,1,,,1
paintings,1636,1,,,1
Gatos,1637,1,,,
monkey,1638,1,,,
anatomy,1639,1,,,
anatomy,1640,1,,,
Anatomy ,1641,1,,,
Tomograf√≠a ,1642,1,,,
botanical,1643,1,,,
sun,1644,1,,,1
paintings,1645,1,,,1
butterfly,1646,1,,,
botany,1647,1,,,1
terapia holistica,1648,2,,,
anatomy,1649,1,,,
paintings,1650,1,,,1
anatomy,1651,1,,,
Art,1652,1,,,
zodiac,1653,1,,,
thomas bayes,1654,2,,,
butterflies,1655,1,,,
brazilian food,1656,2,,,
Aries,1657,1,,,
Frases,1658,1,,,
anatomy,1659,1,,,
light drawings,1660,2,,,
Medicine,1661,1,,,
Botanic,1662,1,,,
teen wolf,1663,2,,,
astrology,1664,1,,,
anatomy,1665,1,,,
astrolody,1666,1,,,
Amor,1667,1,,,
family,1668,1,,,
Plantas,1669,1,,,
Zodiac signs,1670,2,,,
math,1671,1,,,
Dark,1672,1,,,
sky,1673,1,,,
anatomy,1674,1,,,
stars,1675,1,,,
science,1676,1,,,1
snakes,1677,1,,,
paintings,1678,1,,,1
peru,1679,1,,,
Night,1680,1,,,
love,1681,1,,,
Plants,1682,1,,,
mariposa,1683,1,,,
Flower,1684,1,,,
snow,1685,1,,,
caul,1686,1,,,
Anatomy,1687,1,,,
health,1688,1,,,1
butterflies,1689,1,,,
flowers,1690,1,,,
arquitecture,1691,1,,,
botany,1692,1,,,1
Ireland ,1693,1,,,
botany,1694,1,,,1
Anatomy,1695,1,,,
vintage,1696,1,,,
Butterfly,1697,1,,,
botany,1698,1,,,1
animal,1699,1,,,
Atonomy,1700,1,,,
doctor,1701,1,,,
anatomy,1702,1,,,
Witches,1703,1,,,
Vibes,1704,1,,,
gemstones,1705,1,,,
science,1706,1,,,1
paintings,1707,1,,,1
Cake ,1708,1,,,
botany,1709,1,,,1
USA,1710,1,,,
Cute,1711,1,,,
fairycore,1712,1,,,
Anatomy,1713,1,,,
Magic,1714,1,,,
Anatomy ,1715,1,,,
paintings,1716,1,,,1
history,1717,1,,,
anatomy,1718,1,,,
anatomy,1719,1,,,
cinema tickets,1720,2,,,
botany,1721,1,,,1
anotomy,1722,1,,,
Anatomy,1723,1,,,
Cells ,1724,1,,,
Buttwfly,1725,1,,,
woman,1726,1,,,
movie,1727,1,,,
anatomy,1728,1,,,
sun,1729,1,,,1
harry styles,1730,2,,,
"""Museum object""",1731,2,1,,
zodiac,1732,1,,,
flowers,1733,1,,,
women,1734,1,,,
Anatomy,1735,1,,,
Anatomy ,1736,1,,,
Moon,1738,1,,,
Bamb√∫ ,1739,1,,,
sun,1740,1,,,1
anatomia,1741,1,,,
butterflies,1742,1,,,
maps,1743,1,,,
scorpio,1744,1,,,
pintura casa,1745,2,,,
Anatomy,1746,1,,,
vintage,1747,1,,,
tokyo,1748,1,,,
witchcraft,1749,1,,,
anatomy,1750,1,,,
food,1751,1,,,
Hair,1752,1,,,
botany,1753,1,,,1
Anatomy,1755,1,,,
anatomy,1756,1,,,
botany,1757,1,,,1
Celestial ,1758,1,,,
patterns,1759,1,,,
insects,1760,1,,,
paintings,1761,1,,,1
Skincare,1762,1,,,
anatomy,1763,1,,,
erotica,1764,1,,,
Butterflies,1765,1,,,
anatomy,1766,1,,,
Cree,1767,1,,,
anatomy,1768,1,,,
London,1769,1,,,
butterfly,1770,1,,,
photo,1771,1,,,
Kalanchoe,1772,1,,,
nature,1773,1,,,
botany,1774,1,,,1
Landscape,1775,1,,,
love,1776,1,,,
Trippy ,1777,1,,,
Ashtetic ,1778,1,,,
paintings,1779,1,,,1
hospital,1780,1,,,
art,1781,1,,,
patrick star,1782,2,,,
paintings,1783,1,,,1
anatomy,1785,1,,,
fort simpson,1786,2,,,
Frida Khalo ,1787,2,,,
moon,1788,1,,,
ww,1789,1,,,
poster,1790,1,,,
post malone,1791,2,,,
Moto,1792,1,,,
Bee,1793,1,,,
lime,1794,1,,,
butterfly,1795,1,,,
astronomy,1796,1,,,
botanical,1797,1,,,
Health,1798,1,,,1
botany,1799,1,,,1
Fashion,1800,1,,,
music,1801,1,,,
paiting,1802,1,,,
cowboys,1803,1,,,
Flowers,1804,1,,,
zodiacs,1805,1,,,
astronomy,1806,1,,,
anatomy,1807,1,,,
love,1808,1,,,
Astronomy ,1809,1,,,
Cactus,1810,1,,,
Jane Austen,1811,2,,,
botany,1812,1,,,1
plants,1813,1,,,
Flowers,1814,1,,,
Maps,1815,1,,,
Cottage core,1816,2,,,
Psychology,1817,1,,,
botany,1818,1,,,1
ART,1819,1,,,
vital signs,1820,2,,,
gemini,1821,1,,,
moon,1822,1,,,
1908 staff,1823,2,,,
paintings,1824,1,,,1
Tarot,1825,1,,,
anatomy,1826,1,,,
Anatomy,1827,1,,,
planets,1829,1,,,
flowers,1830,1,,,
Ecology,1831,1,,,
Capricorn ,1832,1,,,
presidents,1833,1,,,
Virgo,1834,1,,,
woman guitar,1835,2,,,
gioconda,1836,1,,,
Artwork,1838,1,,,
mental,1839,1,,,
london,1840,1,,,
Butterfly,1841,1,,,
music,1842,1,,,
botany,1843,1,,,1
sun,1845,1,,,1
anatomy,1846,1,,,
Pathan,1848,1,,,
zodiac sign ,1850,2,,,
butterflies,1851,1,,,
zodiac signs,1852,2,,,
body,1853,1,,,
Anathomy,1854,1,,,
Necklace,1855,1,,,
Luxury ,1856,1,,,
zodiax,1857,1,,,
paintings,1858,1,,,1
anatomy ,1859,1,,,
Space,1860,1,,,
music,1861,1,,,
vintage,1862,1,,,
dise√±o industrial,1863,2,,,
paintings,1864,1,,,1
zodiac,1865,1,,,
skate,1866,1,,,
1940,1867,1,,,
paintings,1868,1,,,1
Architecture ,1869,1,,,
sun,1870,1,,,1
flowers,1871,1,,,
Anatomy ,1872,1,,,
paintings,1873,1,,,1
Butterfly,1874,1,,,
swimming,1875,1,,,
Anatomy,1876,1,,,
Ballet,1877,1,,,
the plague,1878,2,,,
Aquarius,1879,1,,,
flowers,1881,1,,,
Fashion ,1882,1,,,
art,1883,1,,,
skin hospital,1884,2,,,
anatomy ,1885,1,,,
Anatomy,1886,1,,,
paintings,1887,1,,,1
anatomy,1888,1,,,
Butterfles,1889,1,,,
Deutsch,1890,1,,,
free vintages,1891,2,,,
paintings,1892,1,,,1
Anatomy,1893,1,,,
Anatomy ,1894,1,,,
marijuana ,1895,1,,,
https://wellcomecollection.org/works/jwaemzf4,1896,1,,,
ant,1897,1,,,
Ballet,1898,1,,,
Bevan,1899,1,,,
city,1900,1,,,
cellular tissue,1901,2,,,
dioses griegos,1902,2,,,
flowers,1903,1,,,
anime,1904,1,,,
Style,1905,1,,,
astronomy,1906,1,,,
"""Parrot""",1907,1,1,,
Anatomy ,1909,1,,,
horses,1910,1,,,
botany,1911,1,,,1
Law,1912,1,,,
Nature,1913,1,,,
Map,1914,1,,,
anatomy,1915,1,,,
Geography,1916,1,,,
dance,1917,1,,,
hands,1918,1,,,
Architecture ,1919,1,,,
pestilence,1920,1,,,
Butterfly ,1921,1,,,
NEWSPAPER,1922,1,,,
astrology,1923,1,,,
frog,1924,1,,,
paintings,1925,1,,,1
Anatomy,1926,1,,,
science,1927,1,,,1
astrology,1928,1,,,
Leaf,1929,1,,,
Arr,1930,1,,,
botany,1931,1,,,1
anatomy,1932,1,,,
Brain,1933,1,,,
Leo,1934,1,,,
zodiac signs,1935,2,,,
"""Noah's ark.""",1936,2,1,,
butterfly,1937,1,,,
literature,1938,1,,,
The smiths,1939,2,,,
BTS,1940,1,,,
Dresses,1941,1,,,
vintage,1942,1,,,
Spain,1943,1,,,
paintings,1944,1,,,1
vintage,1945,1,,,
bill sanderson,1946,2,,,
flowers,1947,1,,,
Love,1948,1,,,
Belmont cottage,1949,2,,,
blood,1950,1,,,
paintings,1951,1,,,1
paintings,1952,1,,,1
butterfly ,1953,1,,,
weed,1954,1,,,
Zodiac sign,1955,2,,,
Animals,1956,1,,,
volunteer,1957,1,,,
botany,1958,1,,,1
botany,1959,1,,,1
Anatomy,1960,1,,,
Anime,1962,1,,,
flowers,1963,1,,,
mariposas,1964,1,,,
Cabin crew,1965,2,,,
anatomy,1966,1,,,
history,1967,1,,,
cars,1968,1,,,
Fashion,1969,1,,,
sun,1970,1,,,1
zodiac ,1971,1,,,
anatomy,1972,1,,,
botany,1973,1,,,1
Fashion plates,1974,2,,,
Butterflies,1975,1,,,
science,1976,1,,,1
music,1977,1,,,
anatomy,1978,1,,,
Anthony Carlisle,1979,2,,,
Music,1981,1,,,
palmas,1982,1,,,
paintings,1983,1,,,1
Flower,1985,1,,,
Beetle,1986,1,,,
Eyes,1987,1,,,
Colourful,1988,1,,,
frog,1989,1,,,
Zodiac,1990,1,,,
science,1991,1,,,1
zodiac ,1992,1,,,
botany,1993,1,,,1
Creatures ,1994,1,,,
health,1995,1,,,1
literature,1996,1,,,
Flowers,1997,1,,,
sun,1998,1,,,1
Butterfly,1999,1,,,
bonaventure,2000,1,,,
sun,2001,1,,,1
CARS,2002,1,,,
Mariposas,2003,1,,,
one direction ,2004,2,,,
sailor,2005,1,,,
Anatomy,2006,1,,,
science,2007,1,,,1
zodiac,2008,1,,,
rock,2009,1,,,
europe,2010,1,,,
optics,2011,1,,,1
–î–µ–≤—É—à–∫–∞,2012,1,,,
quacks,2013,1,,,1
mushroom prints,2014,2,,,
sky,2015,1,,,
vintage print,2016,2,,,
Italy,2018,1,,,
botany,2019,1,,,1
wavelength,2020,1,,,
Anatomy ,2021,1,,,
paris,2022,1,,,
anatomy,2023,1,,,
space,2024,1,,,
comic,2025,1,,,
anatomia,2026,1,,,
italy,2027,1,,,
anattomy,2028,1,,,
paisaje,2029,1,,,
sun,2030,1,,,1
mueres,2031,1,,,
zodiac signs,2032,2,,,
Signes,2033,1,,,
Butterfly ,2034,1,,,
astrology,2035,1,,,
estatuas griegos ,2036,2,,,
 car wash,2037,2,,,
Papworth ,2038,1,,,
nails,2039,1,,,
Flowers,2040,1,,,
zodiac,2041,1,,,
anatomy,2042,1,,,
botany,2043,1,,,1
botany,2044,1,,,1
Harry styles,2045,2,,,
paintings,2046,1,,,1
Dance,2047,1,,,
paintings,2048,1,,,1
Food,2049,1,,,
botany,2050,1,,,1
Eyes ,2051,1,,,
anathomy,2052,1,,,
astronomy,2053,1,,,
ANATOMY,2054,1,,,
new york,2055,2,,,
zodiac signs,2056,2,,,
landscape,2057,1,,,
vintage ,2058,1,,,
belief,2059,1,,,
Frank ocean ,2060,2,,,
butterflys,2061,1,,,
health,2062,1,,,1
Astrology ,2063,1,,,
astrology,2064,1,,,
Libra,2065,1,,,
anatomy,2066,1,,,
zodiac,2067,1,,,
given,2068,1,,,
Insects ,2069,1,,,
butterflys,2070,1,,,
anatomy,2071,1,,,
paintings,2072,1,,,1
 goats ,2073,1,,,
Hor√≥scopo ,2074,1,,,
Love,2076,1,,,
botany,2077,1,,,1
anatomy,2078,1,,,
mode,2079,1,,,
quacks,2081,1,,,1
Ocean,2082,1,,,
butterflies,2083,1,,,
botany,2084,1,,,1
butterfly,2085,1,,,
vibtage,2086,1,,,
colores negros,2087,2,,,
anatomy,2088,1,,,
Anathomy,2089,1,,,
Zodiac signs,2090,2,,,
botanical,2091,1,,,
Colombia,2092,1,,,
Anatomy butterfly,2093,2,,,
anatomy,2094,1,,,
mandala,2095,1,,,
anatomy,2097,1,,,
minerals ,2099,1,,,
health,2100,1,,,1
Law,2101,1,,,
Plants,2102,1,,,
influenza,2103,1,,,
Mini al,2104,2,,,
Moon,2105,1,,,
butterfly,2106,1,,,
paintings,2107,1,,,1
flowers,2108,1,,,
anatomy,2109,1,,,
ikko tanaka,2110,2,,,
Space ,2111,1,,,
rain,2112,1,,,
tea,2113,1,,,
city,2114,1,,,
Artisic,2115,1,,,
Nepal,2116,1,,,
indian,2117,1,,,
vinrage,2118,1,,,
botany,2119,1,,,1
Hottentot images,2120,2,,,
frog,2121,1,,,
peripheral neuropathy,2122,2,,,
butterfly,2123,1,,,
java,2124,1,,,
anatomy,2125,1,,,
paintings,2126,1,,,1
paintings,2127,1,,,1
Sunset,2128,1,,,
Luna ,2130,1,,,
Coffe,2131,1,,,
brigadeiro,2132,1,,,
Anatomy,2133,1,,,
aries,2134,1,,,
Xxxtentacion,2135,1,,,
Biology,2136,1,,,
Astrology ,2137,1,,,
edamame,2138,1,,,
anatomy,2139,1,,,
Robert Koch,2140,2,,,
fleabag,2141,1,,,
Anatomy,2142,1,,,
Biology,2143,1,,,
Ancient Greece,2144,2,,,
sun,2145,1,,,1
music ,2146,1,,,
Anatomy ,2147,1,,,
epidemic,2148,1,,,
clouds,2150,1,,,
botany,2151,1,,,1
music,2152,1,,,
Faces,2153,1,,,
Astrology ,2154,1,,,
greek mythology,2156,2,,,
sun,2157,1,,,1
art,2158,1,,,
anatomy,2159,1,,,
Zodiac signs,2160,2,,,
science,2161,1,,,1
Anatomy ,2162,1,,,
botany,2163,1,,,1
flowers,2165,1,,,
education,2166,1,,,
oats,2167,1,,,
quacks,2168,1,,,1
Cactus,2169,1,,,
Prontosil,2170,1,,,
van gohg,2171,2,,,
Anatomy ,2172,1,,,
New york,2173,2,,,
Zodiac signs,2174,2,,,
biology ,2175,1,,,
old psychology,2176,2,,,
Architecture,2177,1,,,
owers,2178,1,,,
anatomy,2179,1,,,
anatomy,2180,1,,,
science,2181,1,,,1
plague mask,2182,2,,,
botany,2183,1,,,1
optics,2184,1,,,1
Monet,2185,1,,,
tumblr,2186,1,,,
minimalistic,2187,1,,,
Eye,2188,1,,,
eye,2189,1,,,
pregnant anatomy,2190,2,,,
sun,2191,1,,,1
Mushrooms,2192,1,,,
Movie,2193,1,,,
botany,2194,1,,,1
CHALCOPYRITE,2196,1,,,
paintings,2197,1,,,1
punk,2198,1,,,
Anatomy,2199,1,,,
flower,2200,1,,,
SAKURA,2201,1,,,
movie,2202,1,,,
yangyi daquan,2203,2,,,
poster,2204,1,,,
Aesthetic ,2205,1,,,
zodiac,2206,1,,,
stampede,2207,1,,,
Anatomy,2208,1,,,
botany,2209,1,,,1
Veterinary,2210,1,,,
 bronchi,2211,1,,,
Witch,2212,1,,,
faded,2213,1,,,
astrology,2214,1,,,
tangier,2215,1,,,
purple,2216,1,,,
butterfly,2217,1,,,
basil,2218,1,,,
Anatomy,2219,1,,,
butterflies,2220,1,,,
pop art,2221,2,,,
food chain,2222,2,,,
Arte,2223,1,,,
health,2224,1,,,1
zodiac,2225,1,,,
botany,2226,1,,,1
botany,2227,1,,,1
ars moriendi,2228,2,,,
anatomy,2229,1,,,
butterfly,2230,1,,,
sun,2231,1,,,1
map,2232,1,,,
plants,2233,1,,,
Flowers,2234,1,,,
ranch ,2235,1,,,
bts,2236,1,,,
science,2237,1,,,1
Physics,2238,1,,,
magazine,2239,1,,,
psychiatry,2240,1,,,
anatomy,2241,1,,,
Monkey ,2243,1,,,
botany,2244,1,,,1
Animals,2245,1,,,
sun,2246,1,,,1
Flu outbreak,2247,2,,,
Flowers,2248,1,,,
anatomy,2249,1,,,
flowers,2250,1,,,
chief cotton,2251,2,,,
cholera,2252,1,,,
art books,2253,2,,,
Shiva,2254,1,,,
anatomy,2255,1,,,
Zodiac signs ,2256,2,,,
Collage,2257,1,,,
Anatomy,2258,1,,,
Zodiac signs,2259,2,,,
vintage,2260,1,,,
sun,2261,1,,,1
Anatomy,2262,1,,,
anatomy ,2263,1,,,
"""Kabbala""",2264,1,1,,
Greek gods,2266,2,,,
film,2267,1,,,
barbie,2268,1,,,
Astrology,2269,1,,,
anatomy,2270,1,,,
Fashion,2271,1,,,
anatomy,2272,1,,,
Butterfly,2273,1,,,
anatomy,2274,1,,,
drawings perspective ,2275,2,,,
quacks,2276,1,,,1
Flowers,2277,1,,,
botany,2278,1,,,1
90‚Äôs,2279,1,,,
"""Stipple prints""",2280,2,1,,
Anatomia,2281,1,,,
Zodiac,2282,1,,,
science,2283,1,,,1
paintings,2285,1,,,1
brain,2286,1,,,
Butterfly,2287,1,,,
Flowers ,2288,1,,,
science,2289,1,,,1
optics,2290,1,,,1
anatomy,2291,1,,,
art,2292,1,,,
botany,2293,1,,,1
zodiac,2294,1,,,
sterilize,2295,1,,,
science,2296,1,,,1
Photo,2297,1,,,
lady,2298,1,,,
Elton John,2299,2,,,
proteus,2300,1,,,
green,2301,1,,,
brain,2302,1,,,
anime poster,2303,2,,,
botanical,2304,1,,,
harry styles,2305,2,,,
love,2306,1,,,
Cottage,2307,1,,,
pisces,2308,1,,,
botany,2309,1,,,1
king,2310,1,,,
Taurus,2311,1,,,
plague,2312,1,,,
paintings,2313,1,,,1
Tote bags,2314,2,,,
film,2315,1,,,
health,2316,1,,,1
Sikh,2317,1,,,
butterfly hug,2319,2,,,
Vintage,2320,1,,,
paintings,2321,1,,,1
science,2324,1,,,1
celestial,2325,1,,,
music,2326,1,,,
food,2327,1,,,
women,2329,1,,,
Zodiac,2330,1,,,
wool,2331,1,,,
vaccines,2332,1,,,
botany,2333,1,,,1
anatomical,2334,1,,,
paintings,2335,1,,,1
Audrey hepburn,2336,2,,,
0flowers,2337,1,,,
anatomy,2338,1,,,
anatomy,2339,1,,,
anatomy,2340,1,,,
daisy,2341,1,,,
Percy jackson,2342,2,,,
puerperal fever,2343,2,,,
anatomy,2344,1,,,
health,2345,1,,,1
quacks,2346,1,,,1
dise√±o web,2347,2,,,
sun,2348,1,,,1
Butterflies ,2349,1,,,
libra zodiac,2350,2,,,
Anatomy,2352,1,,,
Space,2354,1,,,
astrology,2355,1,,,
paintings,2356,1,,,1
botany,2357,1,,,1
anatomy,2358,1,,,
zodiac,2359,1,,,
Harry Styles ,2360,2,,,
anatomy,2361,1,,,
John Thomson ,2362,2,,,
zodiac,2363,1,,,
Stich,2364,1,,,
prints,2365,1,,,
philosophy,2366,1,,,
‡¥ó‡µº‡¥≠‡¥ø‡¥£‡¥ø‡¥Ø‡¥æ‡¥Ø ‡¥ï‡µÅ‡¥®‡µç‡¥§‡¥≥,2367,2,,,
moon,2368,1,,,
Mariposas,2369,1,,,
anatomy,2370,1,,,
Anatomy ,2371,1,,,
Astrology,2372,1,,,
paintings,2373,1,,,1
George Guillain,2374,2,,,
christianism,2375,1,,,
Quotes,2376,1,,,
Aconcagua ,2377,1,,,
haslemere,2378,1,,,
Harry potter,2380,2,,,
Space,2381,1,,,
optics,2382,1,,,1
anatomy,2383,1,,,
Map,2384,1,,,
Zodiac,2385,1,,,
botany,2386,1,,,1
Art,2387,1,,,
anatomy,2388,1,,,
anatomy,2389,1,,,
dark,2390,1,,,
tooth whitening,2391,2,,,
Botany,2392,1,,,1
planets,2393,1,,,
paintings,2394,1,,,1
Botany,2395,1,,,1
botany,2396,1,,,1
anatomy,2398,1,,,
optics,2399,1,,,1
Pisces,2400,1,,,
Weed,2401,1,,,
doble pedal,2402,2,,,
anatomy,2403,1,,,
Zodiac,2404,1,,,
Witch ,2405,1,,,
vaccination caricature,2406,2,,,
virus,2407,1,,,
anatomy,2408,1,,,
flowers,2409,1,,,
botany,2410,1,,,1
An√≠mala ,2411,1,,,
sun,2412,1,,,1
rostliny,2413,1,,,
joshua Gleadah,2414,2,,,
anatomy,2415,1,,,
the 1975,2416,2,,,
aging,2417,1,,,
Stresscaps preis,2420,2,,,
butterflies,2421,1,,,
chiaroscuro,2422,1,,,
Flower,2423,1,,,
other,2424,1,,,
james+gillray,2425,2,,,1
hungarian,2426,1,,,
zodiac sings,2427,2,,,
william pitman,2429,2,,,
health,2430,1,,,1
paintings,2431,1,,,1
anatomy,2432,1,,,
paintings,2433,1,,,1
anatomy,2434,1,,,
anatomy,2435,1,,,
New York,2436,2,,,
zodiac,2437,1,,,
botany,2438,1,,,1
optics,2439,1,,,1
Music,2440,1,,,
anatomy,2441,1,,,
Leaf,2442,1,,,
vintage,2443,1,,,
Films,2444,1,,,
zodiac,2445,1,,,
caproni,2446,1,,,
zodiac signs,2447,2,,,
aesculapius temple,2448,2,,,
fracture,2449,1,,,
Flowers ,2450,1,,,
botany,2451,1,,,1
Psychology ,2452,1,,,
Astrology,2453,1,,,
anatomy,2454,1,,,
medieval couple,2455,2,,,
cerveau,2456,1,,,
Anatom√≠a,2457,1,,,
Renton,2458,1,,,
Zodiac,2459,1,,,
Model,2460,1,,,
hydrangea,2461,1,,,
paintings,2462,1,,,1
mine,2463,1,,,
stickers,2464,1,,,
diphtheria,2466,1,,,
movie,2468,1,,,
history,2469,1,,,
paintings,2470,1,,,1
public health,2471,2,,,
quacks,2472,1,,,1
Sculpture ,2473,1,,,
Mechanics,2474,1,,,
zodiac sign,2475,2,,,
zodiac sign,2476,2,,,
anathomy,2477,1,,,
health,2478,1,,,1
Butterflies,2479,1,,,
Anatomy,2480,1,,,
botany,2481,1,,,1
anatomy,2482,1,,,
Scorpio,2483,1,,,
health,2484,1,,,1
Heart,2485,1,,,
Animals,2486,1,,,
sun,2487,1,,,1
Music,2488,1,,,
botany,2489,1,,,1
King,2490,1,,,
health,2491,1,,,1
cars,2492,1,,,
vintage,2493,1,,,
maid cleaning,2494,2,,,
anatomy,2495,1,,,
botany,2496,1,,,1
Fungus,2497,1,,,
anatomy,2498,1,,,
Vintage ,2499,1,,,
anatomy,2500,1,,,
health,2501,1,,,1
paintings,2502,1,,,1
science,2503,1,,,1
cactus,2504,1,,,
Anime,2505,1,,,
Philosophy,2507,1,,,
lymphoma,2508,1,,,
artworks,2509,1,,,
Art,2510,1,,,
Anatomy,2511,1,,,
botany,2512,1,,,1
anatomy,2513,1,,,
moda,2514,1,,,
Anatomy,2515,1,,,
harry styles,2516,2,,,
Astronomia ,2517,1,,,
vouge,2518,1,,,
astrology,2519,1,,,
bts,2520,1,,,
paintings,2521,1,,,1
paintings,2522,1,,,1
Crisp,2523,1,,,
archaelogy ,2524,1,,,
Poppy,2525,1,,,
botany,2526,1,,,1
Anatomy,2527,1,,,
botany,2528,1,,,1
berry,2529,1,,,
school ,2530,1,,,
Angel,2531,1,,,
anatomy,2532,1,,,
butterflies,2533,1,,,
butterfly,2534,1,,,
"""Manuscript""",2535,1,1,,
vintage,2536,1,,,
zodiac signs ,2538,2,,,
nature,2539,1,,,
astronomy,2540,1,,,
botany,2541,1,,,1
botany,2542,1,,,1
Wallpaper,2543,1,,,
Anatomy,2544,1,,,
science,2545,1,,,1
paintings,2546,1,,,1
Sagittarius ,2547,1,,,
zodiac signs,2548,2,,,
Nasal catheter,2549,2,,,
ocean,2550,1,,,
botany,2551,1,,,1
movies,2552,1,,,
Parfum,2553,1,,,
sun,2554,1,,,1
paintings,2555,1,,,1
Witch-hunt ,2556,1,,,
Anatomy,2557,1,,,
math,2558,1,,,
anatomy,2559,1,,,
sun,2560,1,,,1
Aries,2561,1,,,
anatomy,2562,1,,,
nutritionist,2563,1,,,
"""Nudity.""",2564,1,1,,
United Nations ,2565,2,,,
Anatomy,2566,1,,,
botany,2567,1,,,1
"""Macroscopic Solutions""",2568,2,1,,
Butterfly ,2569,1,,,
Heart,2570,1,,,
Astronomy,2571,1,,,
anatomy,2572,1,,,
flowers,2573,1,,,
butterflies,2574,1,,,
Vogue,2575,1,,,
anatomy,2576,1,,,
Anatomy ,2577,1,,,
zodiac,2578,1,,,
paintings,2579,1,,,1
Astrologi,2580,1,,,
harry styles ,2581,2,,,
diorams,2582,1,,,
tattoo,2583,1,,,
gangrene,2584,1,,,
plants,2585,1,,,
"""Eye bath""",2586,2,1,,
blackham,2587,1,,,
health,2588,1,,,1
tunisia,2589,1,,,
face,2590,1,,,
Anatomy,2591,1,,,
Statue,2592,1,,,
opium,2593,1,,,
sun,2594,1,,,1
anatomy,2595,1,,,
Anatomy,2596,1,,,
80s,2597,1,,,
Snakes,2598,1,,,
diorama,2599,1,,,
botany,2600,1,,,1
goddesses ,2601,1,,,
rock,2602,1,,,
history,2603,1,,,
capricorn,2604,1,,,
Anatomy,2605,1,,,
botany,2606,1,,,1
butterfly ,2607,1,,,
sun,2608,1,,,1
personal finance,2609,2,,,
butterflies,2610,1,,,
Flowers ,2611,1,,,
anatomy,2612,1,,,
atardecer,2613,1,,,
Faces,2614,1,,,
basilisc,2615,1,,,
quacks,2616,1,,,1
botany,2617,1,,,1
Anatomy,2618,1,,,
Insects,2619,1,,,
Yellow,2620,1,,,
Anatomy,2621,1,,,
flowers,2622,1,,,
anatomy,2623,1,,,
Fruit,2624,1,,,
talisman,2625,1,,,
tits,2626,1,,,
"""Painting, Kalighat.""",2627,2,1,,
witch,2628,1,,,
Harry styles,2629,2,,,
arachne,2630,1,,,
moon,2631,1,,,
botany,2632,1,,,1
Lalaland,2633,1,,,
Bee,2634,1,,,
birds,2635,1,,,
camera,2636,1,,,
anatomy,2637,1,,,
angels,2638,1,,,
Astrology ,2639,1,,,
botany,2640,1,,,1
Ubangi-Schari,2641,1,,,
anatomy,2642,1,,,
plague medal,2643,2,,,
anatomy,2644,1,,,
Anatomy ,2645,1,,,
Zodiac,2646,1,,,
Anatomy,2647,1,,,
rock,2648,1,,,
sun,2649,1,,,1
zodiacal signs,2650,2,,,
Musical theatre,2651,2,,,
Anatomy,2652,1,,,
paintings,2653,1,,,1
Zodiac ,2654,1,,,
music posters,2655,2,,,
Moon,2656,1,,,
Astrology,2657,1,,,
paintings,2658,1,,,1
formula,2659,1,,,
quacks,2660,1,,,1
Vaccination ,2661,1,,,
Flowers,2662,1,,,
flowers,2663,1,,,
Butterfly ,2664,1,,,
anatomy ,2665,1,,,
victorian,2668,1,,,
aquarius,2669,1,,,
Makeup,2670,1,,,
anatomy,2672,1,,,
aviation,2673,1,,,
botany,2674,1,,,1
Mountans,2675,1,,,
New zealand,2676,2,,,
botany,2677,1,,,1
map,2679,1,,,
Arte,2680,1,,,
paintings,2681,1,,,1
in vitro,2682,2,,,
anatomy,2683,1,,,
Gold,2684,1,,,
Zodiac,2685,1,,,
anatomy,2686,1,,,
sun,2687,1,,,1
anatomy,2689,1,,,
anatomy,2690,1,,,
paintings,2691,1,,,1
Anatomy ,2692,1,,,
Kings,2693,1,,,
Anatomy,2694,1,,,
india,2695,1,,,
Plants,2696,1,,,
sun,2697,1,,,1
university,2698,1,,,
Psychology ,2699,1,,,
vintage image,2700,2,,,
botany,2701,1,,,1
zodiac,2702,1,,,
flowers ,2703,1,,,
shamanism,2704,1,,,
Viking,2705,1,,,
Angelfall ,2706,1,,,
Ortensia,2708,1,,,
acupuncture meridians,2709,2,,,
Periodic table ,2710,2,,,
Zodiac sings,2711,2,,,
zodiac signs,2712,2,,,
manet,2713,1,,,
Account,2714,1,,,
Rubble,2716,1,,,
anatomy,2717,1,,,
botany,2718,1,,,1
Anatomy ,2719,1,,,
anatomy,2720,1,,,
Tarot,2721,1,,,
anatonomy,2722,1,,,
Botanical,2723,1,,,
Butterfiles,2724,1,,,
health,2725,1,,,1
charlin syndrome ,2726,2,,,
Anatomy,2727,1,,,
Medical,2728,1,,,
Anatomy,2729,1,,,
botany,2730,1,,,1
sum,2731,1,,,
Minimalistic,2732,1,,,
Body,2733,1,,,
Anatomy,2734,1,,,
botany,2735,1,,,1
anatomy,2736,1,,,
brick,2737,1,,,
butterflies,2738,1,,,
botany,2739,1,,,1
mushrooms,2740,1,,,
mariposas,2741,1,,,
cytokine,2742,1,,,
anathomy,2743,1,,,
weed,2744,1,,,
women,2745,1,,,
Butterflies ,2746,1,,,
philippines,2747,1,,,
anatomy,2748,1,,,
Eclipse,2749,1,,,
Tree,2750,1,,,
Sun,2751,1,,,1
Malaya,2752,1,,,
Anatomy,2753,1,,,
London,2754,1,,,
E. Darwin,2755,2,,,
constellations,2756,1,,,
botany,2757,1,,,1
Dandelions,2758,1,,,
Flowers,2759,1,,,
health,2760,1,,,1
Clothes,2761,1,,,
anatomy,2763,1,,,
Math,2764,1,,,
butterfly,2765,1,,,
vintage,2766,1,,,
science,2767,1,,,1
Faces,2768,1,,,
Anatomy,2769,1,,,
"""Human anatomy.""",2770,2,1,,
anatomy ,2771,1,,,
Zodiac,2772,1,,,
pregnancy,2773,1,,,
Anatomy,2774,1,,,
greek mythology,2775,2,,,
women,2776,1,,,
Marmol,2777,1,,,
slavery,2778,1,,,
Shark,2779,1,,,
anatomy,2780,1,,,
Korean,2781,1,,,
Greek mythology,2782,2,,,
paintings,2783,1,,,1
Libra,2784,1,,,
Tulips,2785,1,,,
mariposas,2786,1,,,
sun,2787,1,,,1
paintings,2788,1,,,1
cyborgs,2789,1,,,
paintings,2790,1,,,1
love,2791,1,,,
anatomy,2792,1,,,
Anatomy,2793,1,,,
Black chinese,2795,2,,,
paintings,2796,1,,,1
tarot,2797,1,,,
botany,2798,1,,,1
paintings,2799,1,,,1
paintings,2800,1,,,1
botany,2801,1,,,1
paintings,2802,1,,,1
paintings,2803,1,,,1
Mariposas,2804,1,,,
camera,2805,1,,,
Anatomy,2806,1,,,
Patagonia,2807,1,,,
map,2808,1,,,
architecture,2809,1,,,
Anatomy ,2810,1,,,
Party,2811,1,,,
Anatomy,2812,1,,,
anatomy,2813,1,,,
butterfly,2814,1,,,
anatomy,2815,1,,,
Zodiac signs,2816,2,,,
people,2817,1,,,
botanical art,2818,2,,,
Puma,2819,1,,,
anatomy,2820,1,,,
vintage,2822,1,,,
butterflies,2823,1,,,
anatomy,2824,1,,,
Ovnis ,2825,1,,,
Anatomy,2827,1,,,
Royalty,2828,1,,,
botany,2829,1,,,1
zodiac,2830,1,,,
astronomy,2832,1,,,
Jesus,2833,1,,,
botany,2835,1,,,1
beetle,2836,1,,,
Zodiac signs,2837,2,,,
Zodiac,2838,1,,,
Angels,2840,1,,,
Anatomy,2841,1,,,
anatomy,2842,1,,,
Butterflies,2843,1,,,
Ch√©rubain,2844,1,,,
Zodiacs,2845,1,,,
Anatomy,2846,1,,,
Medtech,2847,1,,,
Anatomy,2848,1,,,
paintings,2850,1,,,1
History,2851,1,,,
anatomy,2852,1,,,
Anatomy ,2853,1,,,
Vintage,2854,1,,,
primer molar ,2855,2,,,
health,2856,1,,,1
plants,2857,1,,,
subtenon block,2858,2,,,
botany,2859,1,,,1
Flowers ,2860,1,,,
line art,2861,2,,,
anatomy,2862,1,,,
Mariposas,2863,1,,,
Abba,2864,1,,,
james,2865,1,,,
Flowers,2866,1,,,
Anatomy ,2867,1,,,
Sunflower,2868,1,,,
anatomy,2869,1,,,
artwork,2870,1,,,
anatomy,2871,1,,,
philippines,2872,1,,,
sun,2873,1,,,1
love,2874,1,,,
Anatom√≠a ,2875,1,,,
architecture,2876,1,,,
zodiac,2877,1,,,
optics,2878,1,,,1
anatomy,2879,1,,,
Anatomy illustrations ,2880,2,,,
Botanical illustrations,2881,2,,,
paintings,2882,1,,,1
butterfly,2883,1,,,
octopus,2884,1,,,
anatomy butterfly,2885,2,,,
travel,2886,1,,,
Quotes,2887,1,,,
Travel,2888,1,,,
paintings,2889,1,,,1
Anatomy ,2890,1,,,
Anatom√≠a,2891,1,,,
Greece gods,2892,2,,,
botany,2893,1,,,1
optics,2894,1,,,1
butterflies,2895,1,,,
Bugs,2896,1,,,
butterflies,2897,1,,,
medico investidor,2899,2,,,
Plants ,2900,1,,,
plants,2901,1,,,
moon,2902,1,,,
Wildflowers,2903,1,,,
patentes,2904,1,,,
peppers,2905,1,,,
Vintage ,2906,1,,,
matematica,2907,1,,,
zodiac signs,2908,2,,,
botany,2909,1,,,1
anatomy,2910,1,,,
Tarot deck,2911,2,,,
James Dean ,2912,2,,,
90's,2913,1,,,
sun,2914,1,,,1
flowers,2915,1,,,
botany,2916,1,,,1
bansky,2917,1,,,
Faces,2918,1,,,
Anatomy,2919,1,,,
health,2920,1,,,1
Sun,2921,1,,,1
Hiroshima,2922,1,,,
flower,2923,1,,,
Mariposas,2924,1,,,
botany,2925,1,,,1
pisces,2926,1,,,
anatomy,2927,1,,,
Fleetwood mac,2928,2,,,
90,2929,1,,,
anatomy,2930,1,,,
Flores vintage,2931,2,,,
Butterfly,2932,1,,,
anatomy,2933,1,,,
quacks,2935,1,,,1
Make up,2936,2,,,
Anatomy,2937,1,,,
Biblical,2938,1,,,
Mariposas,2939,1,,,
Astrology,2940,1,,,
Anatomy,2941,1,,,
flowers,2942,1,,,
anatomy,2943,1,,,
butterflt,2944,1,,,
alien,2945,1,,,
black death,2946,2,,,
tree,2947,1,,,
death,2949,1,,,
anatomy,2950,1,,,
cat,2951,1,,,
Blueprints,2952,1,,,
botany,2953,1,,,1
insectos,2954,1,,,
Anatomy,2955,1,,,
butterflies,2956,1,,,
organs,2957,1,,,
house,2958,1,,,
fine art,2959,2,,,
abstrac,2960,1,,,
quacks,2961,1,,,1
Pink,2962,1,,,
Herbal,2963,1,,,
botanical,2964,1,,,
vintage,2965,1,,,
butterfly,2966,1,,,
"""Sexual intercourse""",2967,2,1,,
anatomy,2968,1,,,
Plant,2969,1,,,
Anatomy ,2970,1,,,
Retro,2971,1,,,
dragon,2972,1,,,
flores,2973,1,,,
science,2974,1,,,1
anatomy,2975,1,,,
puppy,2976,1,,,
China,2977,1,,,
malcolm x,2978,2,,,
Corazones,2979,1,,,
Minimalismo,2980,1,,,
Flowers,2981,1,,,
botany,2982,1,,,1
Botany ,2983,1,,,1
DEMONS,2984,1,,,
butterflies,2985,1,,,
botany,2986,1,,,1
Flowers,2987,1,,,
sun,2989,1,,,1
Butterflies ,2990,1,,,
peaple,2991,1,,,
harry styles,2992,2,,,
sunflower,2993,1,,,
Astrology ,2994,1,,,
Disney,2995,1,,,
cow print,2996,2,,,
culinary,2997,1,,,
Formosa,2998,1,,,
stethoscope,2999,1,,,
anatomy,3000,1,,,
psicology,3001,1,,,
"""J. Thomson""",3002,2,1,,
wheat illustrations,3003,2,,,
Butterfly ,3004,1,,,
Aesthetic beach,3005,2,,,
Harry styles,3006,2,,,
plants,3007,1,,,
botanical,3008,1,,,
dioses,3009,1,,,
demons,3011,1,,,
van gohg,3012,2,,,
Butterflies,3013,1,,,
cottage,3014,1,,,
butterfl,3015,1,,,
Heart,3016,1,,,
botany,3017,1,,,1
Horse,3018,1,,,
Zodiac,3019,1,,,
biology marine,3020,2,,,
botany,3021,1,,,1
anatomy,3022,1,,,
woman,3023,1,,,
anatomia,3024,1,,,
astronomy,3025,1,,,
Anatomy,3026,1,,,
paintings,3027,1,,,1
caras,3028,1,,,
Nature,3029,1,,,
paintings,3030,1,,,1
quacks,3031,1,,,1
mushroom,3032,1,,,
Pgotoshoot,3033,1,,,
butterfly,3034,1,,,
anatomy,3035,1,,,
hands,3036,1,,,
Anatomy,3037,1,,,
animals,3038,1,,,
sun,3039,1,,,1
anatomy,3040,1,,,
anatomy,3041,1,,,
astrology,3042,1,,,
anatomy,3043,1,,,
racing,3044,1,,,
Piscis,3045,1,,,
barbershop,3046,1,,,
sun,3047,1,,,1
space,3048,1,,,
anatomy,3049,1,,,
flowers,3050,1,,,
anatomy,3051,1,,,
sacrobosco,3052,1,,,
sun,3053,1,,,1
music,3054,1,,,
polaroid,3055,1,,,
vintage,3056,1,,,
flowers,3057,1,,,
botany,3058,1,,,1
unicelular,3059,1,,,
aesthetic,3060,1,,,
anatomy,3061,1,,,
scorpio,3062,1,,,
Butterflies,3063,1,,,
Butterfly ,3064,1,,,
sun,3065,1,,,1
anatomy,3066,1,,,
anatomy,3067,1,,,
tigers,3068,1,,,
vintage,3069,1,,,
Anatomy,3070,1,,,
Golf ,3071,1,,,
butterfly ,3072,1,,,
face maskd,3073,2,,,
Anatomy,3074,1,,,
Albrecht,3076,1,,,
cyclop,3077,1,,,
mucha,3078,1,,,
Dogs,3079,1,,,
paintings,3080,1,,,1
Caras,3081,1,,,
butterflies,3082,1,,,
traditions,3083,1,,,
Animals,3084,1,,,
buterfly,3085,1,,,
"""Museum object""",3086,2,1,,
Anatony ,3087,1,,,
medicine man,3088,2,,,
Witch,3089,1,,,
anatomy,3090,1,,,
skelettons,3091,1,,,
Zodiac,3092,1,,,
Butterfly,3093,1,,,
Minimal,3094,1,,,
zodiac,3095,1,,,
flowers,3096,1,,,
vintage,3097,1,,,
Motocyrcle ,3098,1,,,
optics,3099,1,,,1
Anatomy,3100,1,,,
queso azul,3101,2,,,
anatomy,3102,1,,,
asma,3103,1,,,
Harry styles ,3104,2,,,
Anatomy,3105,1,,,
Tattoo,3106,1,,,
Bts,3107,1,,,
girl smartphone,3108,2,,,
Cesar Phillip ,3109,2,,,
Science ,3110,1,,,1
paintings,3111,1,,,1
vysco,3112,1,,,
paintings,3113,1,,,1
flowers,3114,1,,,
koi,3115,1,,,
anatomy,3116,1,,,
Dog,3117,1,,,
baby farming,3119,2,,,
leafe,3120,1,,,
Ariana ,3121,1,,,
anatomy,3122,1,,,
botany,3123,1,,,1
anatomy ,3124,1,,,
paintings,3125,1,,,1
anatomy,3126,1,,,
anatomy,3127,1,,,
Perrito,3128,1,,,
jaguar,3129,1,,,
Plantas ,3130,1,,,
anatomy,3131,1,,,
table,3132,1,,,
Anatomy,3134,1,,,
anatomy,3135,1,,,
paintings,3136,1,,,1
sun,3137,1,,,1
biology,3138,1,,,
botany,3139,1,,,1
butterflies,3140,1,,,
quacks,3141,1,,,1
man back,3142,2,,,
prints,3143,1,,,
albums,3144,1,,,
botany,3145,1,,,1
mariposas,3146,1,,,
Pride ,3147,1,,,
Dog,3148,1,,,
anatomy,3149,1,,,
paintings,3150,1,,,1
skate,3151,1,,,
sun,3152,1,,,1
music,3153,1,,,
astrology,3154,1,,,
anatomy,3156,1,,,
zodiac,3157,1,,,
james+gillray,3158,2,,,1
waterfall,3159,1,,,
botany,3160,1,,,1
valdivia,3161,1,,,
sun moon,3162,2,,,
Anatomy,3163,1,,,
world,3164,1,,,
Restaraunts,3165,1,,,
plants,3166,1,,,
saturn,3167,1,,,
Butterflies,3168,1,,,
Harry styles,3169,2,,,
vintage bones,3170,2,,,
flower,3171,1,,,
botany,3172,1,,,1
Anatom√≠a,3173,1,,,
Diritto,3174,1,,,
iceberg,3175,1,,,
anatomy,3176,1,,,
kpop aesthetic ,3177,2,,,
Anatomy,3178,1,,,
kids,3179,1,,,
paintings,3180,1,,,1
flowers,3181,1,,,
butterfly,3182,1,,,
Printing education,3183,2,,,
the annunciation,3184,2,,,
Love,3185,1,,,
jesus,3186,1,,,
frogs,3187,1,,,
klimt,3188,1,,,
anatomy,3189,1,,,
"""Dentists.""",3190,1,1,,
planets,3191,1,,,
science fiction,3192,2,,,
PHRASES,3193,1,,,
Edelweiss,3194,1,,,
Coffee,3196,1,,,
anatomy,3197,1,,,
vintage,3198,1,,,
russia,3199,1,,,
Aesthetic,3200,1,,,
facial injury,3201,2,,,
Anatomy,3202,1,,,
fashion,3203,1,,,
anatomy,3204,1,,,
Anatomy,3205,1,,,
futbol,3206,1,,,
"""Centenarians.""",3207,1,1,,
hawaii,3208,1,,,
botany,3209,1,,,1
"""Organs""",3210,1,1,,
paintings,3211,1,,,1
Fungi,3212,1,,,
Skate ,3213,1,,,
Body,3214,1,,,
science,3215,1,,,1
BTS,3216,1,,,
anatomy,3218,1,,,
Butterfly ,3220,1,,,
plants,3221,1,,,
anatomy,3223,1,,,
health,3224,1,,,1
anatomy,3225,1,,,
Planes,3226,1,,,
Butterfly ,3227,1,,,
botany,3228,1,,,1
anatomy,3229,1,,,
Henry Hunt,3230,2,,,
verheyden,3231,1,,,
niemeyer,3232,1,,,
optics,3233,1,,,1
witchcraft,3234,1,,,
Horoscope,3235,1,,,
adam politzer,3236,2,,,
Hair,3237,1,,,
botany,3239,1,,,1
Movies,3240,1,,,
sun,3242,1,,,1
Anatomy,3243,1,,,
people,3244,1,,,
timothee chalamet,3245,2,,,
medicine,3246,1,,,
Hippie,3247,1,,,
mariposas,3249,1,,,
Leaf ,3250,1,,,
flowers,3251,1,,,
Medicine,3252,1,,,
Kedgeree,3253,1,,,
wroc≈Çaw,3254,1,,,
anatomy,3255,1,,,
Zodiac signs,3256,2,,,
Flowers ,3257,1,,,
harry styles,3258,2,,,
botany,3259,1,,,1
celular,3260,1,,,
Travel,3261,1,,,
sun,3262,1,,,1
botany,3263,1,,,1
Anathony,3264,1,,,
Anatomy,3265,1,,,
anatomy,3266,1,,,
Art,3268,1,,,
butterfly,3269,1,,,
"""Sacrifice.""",3270,1,1,,
anatomy ,3271,1,,,
inluenza,3272,1,,,
Zodiac,3273,1,,,
Kayak,3274,1,,,
Sun,3275,1,,,1
anathomy,3276,1,,,
stars,3277,1,,,
Anatomi,3278,1,,,
Wathsapp ,3279,1,,,
Flowers ,3280,1,,,
Graphic design,3281,2,,,
sun,3282,1,,,1
castration,3283,1,,,
Mapes ,3284,1,,,
Turdus merla,3285,2,,,
Anatomy ,3286,1,,,
nature,3287,1,,,
optics,3288,1,,,1
strawberry,3289,1,,,
flowers,3290,1,,,
anatomy,3291,1,,,
celts,3292,1,,,
munda british,3293,2,,,
Cactus,3294,1,,,
airplanes,3295,1,,,
one dire,3296,2,,,
sun,3297,1,,,1
Flores,3298,1,,,
fauna,3299,1,,,
botany,3300,1,,,1
silicon,3301,1,,,
haffkine,3302,1,,,
sun,3303,1,,,1
butterfly,3305,1,,,
Portugal,3306,1,,,
paintings,3307,1,,,1
flowers,3308,1,,,
Anatomy,3309,1,,,
health,3310,1,,,1
Films,3311,1,,,
paintings,3312,1,,,1
BUTTERFLY ANATOMY,3313,2,,,
Anatomy ,3314,1,,,
botanical,3315,1,,,
botany,3316,1,,,1
Puma,3317,1,,,
royal,3318,1,,,
anatomy,3319,1,,,
Japon,3320,1,,,
Anatomy,3321,1,,,
Turtle,3322,1,,,
Botanic,3323,1,,,
dreams,3324,1,,,
bible,3325,1,,,
dogs,3326,1,,,
botany,3327,1,,,1
men skincare,3328,2,,,
zodiac signs,3329,2,,,
flowers,3330,1,,,
butterfly,3331,1,,,
anatomy,3332,1,,,
zodic,3333,1,,,
optics,3334,1,,,1
love,3335,1,,,
anatomy,3336,1,,,
Botanic,3337,1,,,
London,3338,1,,,
Anatomy,3339,1,,,
anatomy,3340,1,,,
Emociones,3341,1,,,
Vogue,3342,1,,,
Insects,3343,1,,,
Anime,3344,1,,,
stars,3345,1,,,
ancient humans,3346,2,,,
anatomy,3347,1,,,
flowers,3349,1,,,
naked,3350,1,,,
Anatomy,3351,1,,,
mariposas,3352,1,,,
Flowers,3353,1,,,
Dinosaurs,3354,1,,,
Men ,3355,1,,,
anotomy,3356,1,,,
Anatomy,3357,1,,,
egypt,3358,1,,,
atonomy,3359,1,,,
Murder,3360,1,,,
Walter segal,3361,2,,,
beach,3362,1,,,
brain,3363,1,,,
zodiac ,3364,1,,,
botany,3365,1,,,1
paintings,3366,1,,,1
anatomy,3367,1,,,
anatomy,3368,1,,,
fondue,3369,1,,,
sun,3370,1,,,1
Moon,3371,1,,,
Cells,3372,1,,,
Fruit,3373,1,,,
Anatomy,3374,1,,,
rebro,3375,1,,,
Maps,3376,1,,,
anatomy,3377,1,,,
Anatomy ,3378,1,,,
botany,3379,1,,,1
Terror ,3381,1,,,
peace,3382,1,,,
Sun,3383,1,,,1
sea life,3384,2,,,
coffee,3385,1,,,
sun,3386,1,,,1
Harmoprodite,3387,1,,,
zodiac signs,3388,2,,,
AIDS,3389,1,,,
art,3390,1,,,
Globos,3391,1,,,
botany,3392,1,,,1
botany,3393,1,,,1
medieval,3394,1,,,
paintings,3395,1,,,1
anatomy,3396,1,,,
"""Drugs""",3397,1,1,,
Butterflies,3398,1,,,
botany,3399,1,,,1
people,3400,1,,,
pink,3401,1,,,
india,3402,1,,,
esoterico,3403,1,,,
paintings,3404,1,,,1
FOODSTYLING,3405,1,,,
flowers,3406,1,,,
quacks,3407,1,,,1
james nasmyth,3408,2,,,
anatomy,3409,1,,,
anatomy,3410,1,,,
magic lantern,3411,2,,,
handball,3413,1,,,
female anatomy,3414,2,,,
Flower,3415,1,,,
skin,3417,1,,,
cactus,3418,1,,,
butterflies,3419,1,,,
history,3420,1,,,
radio,3421,1,,,
Butterfly ,3422,1,,,
rave,3423,1,,,
quacks,3424,1,,,1
cactus,3425,1,,,
Butterflies,3426,1,,,
flores,3427,1,,,
Art,3428,1,,,
feelings,3429,1,,,
Zodiac,3430,1,,,
plants,3431,1,,,
Art,3432,1,,,
butterflies,3433,1,,,
asthma,3435,1,,,
Aries,3436,1,,,
Seminiferous tubule,3437,2,,,
Anatomy,3438,1,,,
plants,3439,1,,,
music,3440,1,,,
botany,3441,1,,,1
botany,3442,1,,,1
Prada,3443,1,,,
"""Gay men.""",3444,2,1,,
Anatomy,3445,1,,,
zodiac,3446,1,,,
Flowers,3447,1,,,
sun,3448,1,,,1
hola,3449,1,,,
grandville,3450,1,,,
anatomy,3451,1,,,
espacio,3452,1,,,
pura,3453,1,,,
witch,3454,1,,,
botany,3455,1,,,1
tissue,3456,1,,,
inoc*,3457,1,,,
anatomy,3458,1,,,
fish,3459,1,,,
books,3460,1,,,
Anatomy ,3461,1,,,
zodiac,3462,1,,,
health,3463,1,,,1
butterfly,3464,1,,,
Aesthetic ,3465,1,,,
botany,3466,1,,,1
sun,3467,1,,,1
sun,3468,1,,,1
southwark,3469,1,,,
women,3470,1,,,
Biology ,3471,1,,,
Anatomy,3472,1,,,
mushroom,3473,1,,,
anatomy,3474,1,,,
water,3475,1,,,
anatomy,3476,1,,,
art,3477,1,,,
Naruto,3478,1,,,
paintings,3479,1,,,1
Epigenetics,3480,1,,,
heart,3481,1,,,
devil,3482,1,,,
sun,3483,1,,,1
anatomy,3484,1,,,
Perros,3485,1,,,
flores,3486,1,,,
Horse,3487,1,,,
botany,3488,1,,,1
hanuman,3489,1,,,
Tarot,3490,1,,,
invasion france,3491,2,,,
america,3492,1,,,
dance,3493,1,,,
health,3494,1,,,1
paintings,3495,1,,,1
kurapika,3496,1,,,
Anatomy,3497,1,,,
SUMMER,3498,1,,,
anatomy,3499,1,,,
phernology,3500,1,,,
anatomy,3501,1,,,
flowers,3502,1,,,
salerno,3503,1,,,
science,3504,1,,,1
flores,3505,1,,,
botany,3506,1,,,1
plants,3507,1,,,
White privilege,3508,2,,,
Positive quotes ,3510,2,,,
Anatomy,3511,1,,,
anatomy,3512,1,,,
anatomy,3513,1,,,
movies,3515,1,,,
musica,3516,1,,,
soccer,3518,1,,,
Astrology ,3519,1,,,
Butterflies,3520,1,,,
plants,3521,1,,,
posters ,3522,1,,,
Bts,3523,1,,,
Maps,3524,1,,,
Architecture,3525,1,,,
beetle,3526,1,,,
Flowers,3527,1,,,
Feminism,3528,1,,,
Flores,3529,1,,,
botany,3530,1,,,1
Zodiac ,3531,1,,,
anatomy,3532,1,,,
coraline,3533,1,,,
protozoa,3534,1,,,
zodiac signs,3535,2,,,
butterflies,3536,1,,,
paintings,3537,1,,,1
Boho,3539,1,,,
hippie,3540,1,,,
botany,3541,1,,,1
Love,3542,1,,,
–º–∞—Ä–∏ –∫—Ä–∞–π–º–±—Ä–µ—Ä—Ä–∏,3543,2,,,
chess,3544,1,,,
space,3545,1,,,
Planets,3546,1,,,
Psychilogy,3547,1,,,
Landscape,3548,1,,,
geminis,3549,1,,,
Heart ,3550,1,,,
necessaire,3551,1,,,
flowers,3552,1,,,
Astrology,3553,1,,,
Ancient Greek,3554,2,,,
Muslim,3555,1,,,
botany,3556,1,,,1
arthur evans,3557,2,,,
interior,3558,1,,,
paintings,3559,1,,,1
Leaves,3560,1,,,
health,3561,1,,,1
botany,3562,1,,,1
anatomy,3563,1,,,
Cactus,3564,1,,,
Anatomy,3565,1,,,
anatomy,3567,1,,,
butterflies,3568,1,,,
tree,3569,1,,,
capricorn,3570,1,,,
sun,3571,1,,,1
anatomy,3572,1,,,
harry potter,3573,2,,,
butterflies,3574,1,,,
Anatomy,3575,1,,,
hartmann,3576,1,,,
paintings,3577,1,,,1
Anathomy,3578,1,,,
Puerperal fever,3579,2,,,
anatomy,3580,1,,,
anatomy,3581,1,,,
Anatomy,3582,1,,,
map,3584,1,,,
botany,3585,1,,,1
newspapers,3587,1,,,
Ares,3588,1,,,
butterfly,3589,1,,,
ophtalmoscope,3590,1,,,
butterfly,3591,1,,,
"""Magazine inserts""",3592,2,1,,
Stars,3593,1,,,
napsbury hospital,3594,2,,,
angel,3595,1,,,
giant hand,3596,2,,,
city scapes,3597,2,,,
cactus,3598,1,,,
Law,3599,1,,,
Sea,3600,1,,,
stars,3601,1,,,
Harry potter,3602,2,,,
health,3603,1,,,1
plants,3604,1,,,
cat,3605,1,,,
plants,3606,1,,,
toys,3607,1,,,
anatomy,3608,1,,,
Anatomy,3609,1,,,
six butterflies,3611,2,,,
occult,3612,1,,,
india ,3613,1,,,
human anatomy,3614,2,,,
Fashion,3615,1,,,
Anatomy,3616,1,,,
technology,3617,1,,,
anatomy,3618,1,,,
animals,3619,1,,,
music,3620,1,,,
Vintage,3622,1,,,
Rotella,3623,1,,,
Orient,3624,1,,,
Balloons ,3625,1,,,
anatomy,3627,1,,,
zodiac sign,3628,2,,,
new york,3629,2,,,
Bird,3630,1,,,
Virgo,3631,1,,,
Art,3632,1,,,
medicine,3634,1,,,
virgo,3635,1,,,
sun,3636,1,,,1
anatomy,3637,1,,,
Tattoo,3638,1,,,
botany,3639,1,,,1
Illustration ,3640,1,,,
butterfly,3641,1,,,
Angola,3642,1,,,
science,3643,1,,,1
harry styles ,3644,2,,,
Zodiac signs ,3645,2,,,
Anatomy,3646,1,,,
harry potter,3647,2,,,
Butterflies,3648,1,,,
botany,3649,1,,,1
Anatomy,3650,1,,,
cholera,3651,1,,,
anatomy,3652,1,,,
science,3653,1,,,1
Zodiac ,3654,1,,,
sun,3655,1,,,1
flowers,3657,1,,,
Butterflies ,3658,1,,,
Stars,3659,1,,,
medicine,3660,1,,,
Peonies,3661,1,,,
pattern,3662,1,,,
Advert,3663,1,,,
Plague doctor,3664,2,,,
"""Line photoengravings.""",3665,2,1,,
https://royalhistsoc.org/grants/rhs-adam-matthew-subscriptions/,3666,1,,,
anatomy,3667,1,,,
biology,3668,1,,,
soap,3669,1,,,
Anatomy,3670,1,,,
love,3671,1,,,
anatomy,3672,1,,,
plants,3673,1,,,
health,3674,1,,,1
sun,3675,1,,,1
Buttefirlers,3676,1,,,
public,3677,1,,,
food,3678,1,,,
Dance,3679,1,,,
art,3680,1,,,
Anatomia,3681,1,,,
flowers,3682,1,,,
anatomy,3683,1,,,
Landscape,3684,1,,,
anatomy,3685,1,,,
cartina geografica ,3686,2,,,
e,3687,1,,,
james+gillray,3688,2,,,1
Mariposas,3689,1,,,
beach,3690,1,,,
insects,3691,1,,,
india,3692,1,,,
Astronomy ,3693,1,,,
anatomy,3694,1,,,
Anatomy,3695,1,,,
Anatomy,3696,1,,,
paintings,3697,1,,,1
greek gods,3698,2,,,
Anatomy,3699,1,,,
capricorn,3700,1,,,
taurus,3701,1,,,
zodica sign,3702,2,,,
astrology,3703,1,,,
anatomy,3704,1,,,
Lion,3705,1,,,
Zoadice sign,3706,2,,,
bugs,3707,1,,,
anatomy,3708,1,,,
paintings,3709,1,,,1
quacks,3710,1,,,1
peony,3711,1,,,
taurus,3712,1,,,
frog anatomy,3713,2,,,
health,3714,1,,,1
Erde,3715,1,,,
Surgical diagrams ,3716,2,,,
Dragon,3717,1,,,
botany,3718,1,,,1
Butteflies,3720,1,,,
Anatomy,3721,1,,,
botany,3722,1,,,1
anatomy,3723,1,,,
cacti,3724,1,,,
oxford,3725,1,,,
Anatomy,3726,1,,,
oriental,3727,1,,,
america,3728,1,,,
Asetheic,3729,1,,,
blood cells,3730,2,,,
butterfly,3732,1,,,
optics,3733,1,,,1
Cat,3734,1,,,
buenos aires,3735,2,,,
moon,3736,1,,,
astronomy,3737,1,,,
sun,3738,1,,,1
Anatomy,3739,1,,,
cats,3740,1,,,
Anatomy,3741,1,,,
zodiac,3742,1,,,
rnature,3743,1,,,
butterflies,3744,1,,,
History,3745,1,,,
zodiac sigbns,3746,2,,,
Astrology,3747,1,,,
aldershot tattoo,3748,2,,,
Anatomy,3749,1,,,
botany,3750,1,,,1
science,3751,1,,,1
botany,3752,1,,,1
flowers,3754,1,,,
anatomy,3755,1,,,
science,3756,1,,,1
plague florenc,3757,2,,,
sun,3758,1,,,1
science,3759,1,,,1
astronomy,3760,1,,,
anatomy,3761,1,,,
dog,3762,1,,,
paintings,3763,1,,,1
quacks,3764,1,,,1
anatomy,3765,1,,,
zodiac signs ,3766,2,,,
Ramsgate,3767,1,,,
Anatomy,3768,1,,,
flowers,3769,1,,,
illustrations,3770,1,,,
steve,3771,1,,,
anatomy,3772,1,,,
Tatto sa,3773,2,,,
anstronomy,3774,1,,,
hotel,3775,1,,,
anatomy,3776,1,,,
paintings,3777,1,,,1
anatomy,3778,1,,,
Grangemouth Boatyard,3779,2,,,
botany,3780,1,,,1
optics,3781,1,,,1
"""Nudity.""",3782,1,1,,
sun,3783,1,,,1
grunge,3784,1,,,
cherry,3785,1,,,
Anatomy ,3786,1,,,
anatomy,3787,1,,,
fire,3788,1,,,
Dr Willis,3789,2,,,
Spider lily,3790,2,,,
Anatomy,3791,1,,,
botany,3792,1,,,1
the statesman,3793,2,,,
Goth ,3794,1,,,
history,3795,1,,,
cute vintage,3796,2,,,
biology,3797,1,,,
grunge,3798,1,,,
anatomy,3799,1,,,
Pisces,3800,1,,,
Bee,3801,1,,,
Anime,3803,1,,,
anatomy,3804,1,,,
anatomy,3805,1,,,
rubella,3806,1,,,
antaa,3807,1,,,
health,3808,1,,,1
science,3809,1,,,1
botany,3810,1,,,1
animals,3811,1,,,
james+gillray,3812,2,,,1
peach,3813,1,,,
sun,3814,1,,,1
spanish flu,3815,2,,,
Boy,3816,1,,,
blue,3817,1,,,
Flowers,3818,1,,,
anatomy,3819,1,,,
saltero,3820,1,,,
anatomy,3821,1,,,
anatomy,3822,1,,,
Rat king,3823,2,,,
Pan,3824,1,,,
sun,3825,1,,,1
Volckhamer,3827,1,,,
vintage,3828,1,,,
astronomy,3829,1,,,
byron,3830,1,,,
science,3831,1,,,1
anatomy,3832,1,,,
anatomy,3833,1,,,
Playboy,3834,1,,,
Anatomy,3835,1,,,
sun,3836,1,,,1
zodiac sign,3837,2,,,
Anatomy,3838,1,,,
fashion ,3839,1,,,
butterfly,3840,1,,,
peter pan,3841,2,,,
Anatomy,3842,1,,,
anatomy,3843,1,,,
anatomy,3844,1,,,
anatomia,3845,1,,,
anatomy,3846,1,,,
anatomy,3847,1,,,
anatomy,3848,1,,,
rose,3849,1,,,
paintings,3850,1,,,1
Zodiac signs ,3851,2,,,
horoscopes,3852,1,,,
anatomy,3853,1,,,
harry styles,3854,2,,,
love,3855,1,,,
Dinosaur,3856,1,,,
anatomy,3857,1,,,
psycology,3858,1,,,
Natural resources,3859,2,,,
anime,3860,1,,,
Girl,3861,1,,,
90's,3862,1,,,
Butterflies,3863,1,,,
paintings,3864,1,,,1
anatomy,3865,1,,,
sun,3866,1,,,1
Witchcraft,3867,1,,,
green,3868,1,,,
Beer,3869,1,,,
Uterine mioma,3870,2,,,
anatomy ,3871,1,,,
Maria Theresa,3872,2,,,
Anatomy,3873,1,,,
Yajna offering,3874,2,,,
William Huntington,3875,2,,,
sun,3876,1,,,1
Paintings,3877,1,,,1
Moon,3878,1,,,
Firefighter,3879,1,,,
world,3880,1,,,
Renaissance ,3881,1,,,
Economics,3882,1,,,
Anatomy,3884,1,,,
old people,3885,2,,,
anatomy,3886,1,,,
Anatomy,3887,1,,,
Astrology,3888,1,,,
Herbs,3889,1,,,
botany,3890,1,,,1
"""Death.""",3891,1,1,,
jewellery ,3892,1,,,
joker,3893,1,,,
anatomy,3894,1,,,
lebbra,3895,1,,,
Anatomy,3896,1,,,
star,3897,1,,,
paintings,3898,1,,,1
Flowers,3899,1,,,
paintings,3900,1,,,1
Anatomy,3901,1,,,
Mode Prospekt ,3902,2,,,
science,3903,1,,,1
paintings,3904,1,,,1
Art,3905,1,,,
Mathieu Blot,3906,2,,,
space,3907,1,,,
Rembrandt„ÄÄchrist,3908,2,,,
Anatomy,3909,1,,,
Raven,3910,1,,,
Flowers,3911,1,,,
old town,3912,2,,,
Malay,3913,1,,,
Sun,3914,1,,,1
Anatomy,3915,1,,,
Kenneth Clark,3916,2,,,
Greece,3917,1,,,
Paper,3918,1,,,
anatomy,3920,1,,,
spiritual,3921,1,,,
forensics,3922,1,,,
Anatomy,3923,1,,,
mariposas,3924,1,,,
Flowers,3925,1,,,
shriden,3926,1,,,
tibet,3927,1,,,
Anatomy,3928,1,,,
scream-5,3929,1,,,
Astronomy ,3930,1,,,
butterflies,3931,1,,,
"""Condoms.""",3932,1,1,,
Museums ,3933,1,,,
Vintage,3935,1,,,
Skeleton,3936,1,,,
anatomy,3937,1,,,
Training,3938,1,,,
Butterfly,3939,1,,,
anatomy,3940,1,,,
anatomy,3941,1,,,
paintings,3942,1,,,1
Butterfly,3943,1,,,
sowerby,3944,1,,,
Anatomy,3947,1,,,
james+gillray,3948,2,,,1
Movie,3949,1,,,
astronomy,3950,1,,,
Albums,3951,1,,,
Chakradatta,3952,1,,,
Hands ,3953,1,,,
Zodiac signs,3954,2,,,
moon,3955,1,,,
Vintage ads,3956,2,,,
Estrellas,3957,1,,,
anatomy,3958,1,,,
Peaches,3959,1,,,
butterflys,3960,1,,,
Medicine,3961,1,,,
Horses,3962,1,,,
quacks,3963,1,,,1
clothes,3964,1,,,
anatomy,3965,1,,,
Aechmea ,3966,1,,,
Psychology,3967,1,,,
paranormal,3968,1,,,
anatomy,3969,1,,,
mariposas,3970,1,,,
space,3971,1,,,
science,3972,1,,,1
sun,3973,1,,,1
vintage,3974,1,,,
Angel,3975,1,,,
anatomy ,3976,1,,,
Astronomy ,3977,1,,,
cupcake,3978,1,,,
Economy,3979,1,,,
anatomy,3980,1,,,
paintings,3981,1,,,1
Plants,3982,1,,,
Anatomy,3983,1,,,
Love,3984,1,,,
paintings,3985,1,,,1
Antomy,3986,1,,,
aesthetic,3987,1,,,
Anatomy,3988,1,,,
strawberry,3989,1,,,
chirstmas,3990,1,,,
paintings,3991,1,,,1
aquarius,3992,1,,,
Anatomy,3993,1,,,
Flowers,3994,1,,,
dog,3995,1,,,
red color,3996,2,,,
draws,3997,1,,,
butterflies,3998,1,,,
Fashion,3999,1,,,
anatomy,4000,1,,,
paintings,4001,1,,,1
Sunflowers,4002,1,,,
Brain,4003,1,,,
anatomy wintage ,4004,2,,,
science,4005,1,,,1
evolution,4006,1,,,
all,4007,1,,,
Flojera,4008,1,,,
Cat,4009,1,,,
anatomy,4010,1,,,
Anatomy,4011,1,,,
homosexuality,4012,1,,,
paintings,4013,1,,,1
Fashion ,4014,1,,,
botany,4015,1,,,1
Karl Blossfeldt,4016,2,,,
mosaics,4017,1,,,
Heart,4018,1,,,
anatomy,4019,1,,,
sulien,4020,1,,,
art,4021,1,,,
Capricorn ,4022,1,,,
Vintage,4023,1,,,
Anatomy ,4024,1,,,
New york,4025,2,,,
three mountain,4027,2,,,
astrology,4028,1,,,
Hogwarts,4029,1,,,
Music,4030,1,,,
Anatomy ,4031,1,,,
saint elizabeth,4032,2,,,
sun,4033,1,,,1
renaissance,4034,1,,,
anatomy,4035,1,,,
Anatomy,4036,1,,,
anatomy,4037,1,,,
dead,4038,1,,,
grunge,4039,1,,,
Anatomy ,4040,1,,,
Anatomy ,4041,1,,,
Mariposas,4042,1,,,
Astrology,4043,1,,,
Flores,4044,1,,,
Love,4045,1,,,
botany,4046,1,,,1
james+gillray,4047,2,,,1
z signs ,4048,2,,,
dentistry,4049,1,,,
health,4050,1,,,1
science,4051,1,,,1
Soy ,4052,1,,,
Dental,4053,1,,,
anatomy,4054,1,,,
mushroom,4055,1,,,
anatomy,4056,1,,,
scpt,4057,1,,,
zodiac,4058,1,,,
sun,4059,1,,,1
sun,4060,1,,,1
Police,4061,1,,,
flowers,4062,1,,,
human,4063,1,,,
anatomy ,4064,1,,,
Sky,4065,1,,,
photographs,4066,1,,,
anatomy,4067,1,,,
Anatomy,4069,1,,,
minimalism,4070,1,,,
White dragon,4071,2,,,
Anatomy,4072,1,,,
Bts,4073,1,,,
paintings,4074,1,,,1
paintings,4075,1,,,1
sunflower,4076,1,,,
zodiac,4078,1,,,
anatomy,4079,1,,,
flores,4080,1,,,
botany,4081,1,,,1
butterflies,4082,1,,,
buterflais,4083,1,,,
Vintagr,4084,1,,,
marvel,4085,1,,,
anatomy,4086,1,,,
 butterfly,4087,1,,,
Aesthetic ,4088,1,,,
war,4089,1,,,
Butterfly,4090,1,,,
butterfly,4091,1,,,
anatomy,4092,1,,,
Hummingbird,4093,1,,,
quacks,4094,1,,,1
Flowers,4095,1,,,
Arabian oryx,4096,2,,,
empanada,4097,1,,,
70s ,4099,1,,,
botany,4100,1,,,1
arctic monkeys,4101,2,,,
Sea,4102,1,,,
retro,4103,1,,,
butterfly,4104,1,,,
butterfly,4105,1,,,
sicily,4106,1,,,
anatomy,4107,1,,,
anatomy ,4108,1,,,
anatomy,4109,1,,,
h0okai,4110,1,,,
Cars,4111,1,,,
black,4112,1,,,
signs,4113,1,,,
anatomy,4114,1,,,
butterfly,4115,1,,,
quacks,4116,1,,,1
Anatomy,4117,1,,,
sagitario,4118,1,,,
mulher,4119,1,,,
science,4120,1,,,1
skeletal hand,4121,2,,,
bts,4122,1,,,
history,4123,1,,,
anatomy,4124,1,,,
mucha ,4125,1,,,
Flowers,4126,1,,,
Sonflawe,4127,1,,,
eyes,4128,1,,,
Analog√≠a ,4130,1,,,
paintings,4131,1,,,1
botany,4132,1,,,1
paintings,4133,1,,,1
movies,4134,1,,,
anatomy,4135,1,,,
Suffrage ,4136,1,,,
Love,4137,1,,,
anatomy ,4138,1,,,
flowers,4139,1,,,
botanical,4140,1,,,
Anatomy ,4141,1,,,
flowers,4142,1,,,
anatomy,4143,1,,,
Mariposa,4144,1,,,
pelvis fracture,4145,2,,,
Anatomy ,4146,1,,,
botany,4147,1,,,1
botany,4148,1,,,1
fleur ,4149,1,,,
mushroon,4150,1,,,
paintings,4151,1,,,1
Africa,4152,1,,,
anatomy,4153,1,,,
Mushroom,4154,1,,,
cross-staff,4155,1,,,
1910,4156,1,,,
zodiac,4157,1,,,
bouchard,4158,1,,,
Anatomy ,4160,1,,,
science,4161,1,,,1
sun,4162,1,,,1
leaves,4163,1,,,
sun,4164,1,,,1
Ranas,4165,1,,,
dog,4166,1,,,
paintings,4169,1,,,1
Korea,4170,1,,,
"""Jack, Alexander.""",4171,2,1,,
botany,4172,1,,,1
botany,4173,1,,,1
Anatomy ,4174,1,,,
zimbabwe,4175,1,,,
anatomy,4176,1,,,
Butterfly,4177,1,,,
"""Jelly.""",4178,1,1,,
anatomy,4179,1,,,
botany,4180,1,,,1
Butterfly ,4181,1,,,
european union,4182,2,,,
botany,4183,1,,,1
anatomy,4184,1,,,
chemistry,4185,1,,,
Camera,4186,1,,,
Harry,4187,1,,,
dark,4188,1,,,
mapa,4189,1,,,
dibujos lineales,4190,2,,,
Prada,4191,1,,,
Astrophysics,4192,1,,,
woman,4193,1,,,
norse mythology,4194,2,,,
Cats,4195,1,,,
scull,4196,1,,,
Plants,4197,1,,,
Anatomy,4198,1,,,
Arthur Schuster,4199,2,,,
syphilis,4200,1,,,
butterflies,4201,1,,,
butterfly ,4202,1,,,
botany,4203,1,,,1
anatomy,4204,1,,,
grease,4205,1,,,
birds,4206,1,,,
botany,4208,1,,,1
paintings,4209,1,,,1
Cinema ,4210,1,,,
anatomy,4211,1,,,
macram√©,4212,1,,,
architecture,4213,1,,,
livia ,4214,1,,,
botany,4216,1,,,1
paintings,4217,1,,,1
dogs,4218,1,,,
Aethestic ,4219,1,,,
vesallius,4220,1,,,
Fashion,4221,1,,,
anatomy,4222,1,,,
anatomy,4223,1,,,
Animals,4224,1,,,
music,4225,1,,,
botany,4226,1,,,1
Anatomy,4227,1,,,
 Rasori ,4228,1,,,
Anatomy,4229,1,,,
botanical,4230,1,,,
One direction ,4231,2,,,
botany,4232,1,,,1
anatomy,4233,1,,,
timothee chalamet,4234,2,,,
butterflies,4235,1,,,
Sexology,4236,1,,,
veterinary,4237,1,,,
paintings,4238,1,,,1
engraving sun,4239,2,,,
Vintage,4241,1,,,
cinematography,4242,1,,,
Vintage,4243,1,,,
galaxy,4244,1,,,
Zodiac,4245,1,,,
anatomy,4246,1,,,
paintings,4247,1,,,1
Cottage,4248,1,,,
paint,4249,1,,,
Model,4250,1,,,
Anatomy,4251,1,,,
botany,4253,1,,,1
Witch,4255,1,,,
Anathomy,4256,1,,,
Astrology ,4257,1,,,
botany,4258,1,,,1
botany,4259,1,,,1
aesthestic,4260,1,,,
Space ,4261,1,,,
witches,4262,1,,,
Lupus,4263,1,,,
Harry Potter ,4264,2,,,
Anatom√≠a ,4265,1,,,
botany,4266,1,,,1
music,4267,1,,,
neolithic ulkraine,4268,2,,,
Anatomy,4269,1,,,
Zodiac,4270,1,,,
"""Isaac Cruikshank""",4271,2,1,,
London,4272,1,,,
sun,4273,1,,,1
vintage,4274,1,,,
Butterfly,4275,1,,,
Insectes ,4276,1,,,
louis tomlinson,4277,2,,,
Rossini,4278,1,,,
paintings,4279,1,,,1
Anatomy,4280,1,,,
sun,4281,1,,,1
activism,4282,1,,,
woman,4283,1,,,
Mariposas,4284,1,,,
buddha drawing,4285,2,,,
health,4286,1,,,1
Fashion,4287,1,,,
hammer,4288,1,,,
zoological society,4289,2,,,
Vintage ,4290,1,,,
moon,4291,1,,,
paintings,4292,1,,,1
turning picture,4294,2,,,
paintings,4295,1,,,1
Maps,4296,1,,,
maps,4297,1,,,
botany,4298,1,,,1
Star,4299,1,,,
art,4300,1,,,
anatomy,4301,1,,,
space,4302,1,,,
anatomy,4303,1,,,
abstract,4304,1,,,
louis vuitton,4305,2,,,
art,4306,1,,,
Grecia,4308,1,,,
Song,4309,1,,,
Cakes,4310,1,,,
flowers,4311,1,,,
flowers,4312,1,,,
faces,4313,1,,,
Maps,4314,1,,,
Succulent,4315,1,,,
vintage,4316,1,,,
Butterfly,4317,1,,,
zodiac,4318,1,,,
mariposas,4319,1,,,
frases,4320,1,,,
butterflys,4321,1,,,
hippie,4322,1,,,
Fallen angel,4323,2,,,
sun,4324,1,,,1
ri√±√≥n,4325,1,,,
flowers,4326,1,,,
anatomy,4327,1,,,
botany,4328,1,,,1
atonomy,4329,1,,,
Acquarous ,4331,1,,,
Music,4332,1,,,
ocean,4333,1,,,
science,4334,1,,,1
Architect,4335,1,,,
flower,4336,1,,,
botany,4337,1,,,1
libra,4338,1,,,
butterfly,4339,1,,,
Astronomy,4340,1,,,
weight benches,4341,2,,,
Painting,4342,1,,,
solar system,4343,2,,,
Anatomy,4344,1,,,
virgo,4345,1,,,
vanila,4346,1,,,
ads,4347,1,,,
mermaid,4348,1,,,
Coraz√≥n,4349,1,,,
Da vinci,4350,2,,,
Mariposas,4351,1,,,
botany,4352,1,,,1
flowers,4353,1,,,
Atomowy,4354,1,,,
Flowers,4355,1,,,
Anatomy ,4357,1,,,
Movie,4358,1,,,
Butterflies ,4359,1,,,
History,4360,1,,,
cat,4361,1,,,
butterflies,4362,1,,,
phsycology,4363,1,,,
archaeology,4364,1,,,
botanical,4365,1,,,
Butterfly,4367,1,,,
butterfly,4368,1,,,
Anatomie,4369,1,,,
anatomy,4370,1,,,
God,4371,1,,,
paintings,4372,1,,,1
flowers,4373,1,,,
xlibirs ,4374,1,,,
astrology,4375,1,,,
butterfly,4376,1,,,
anatomy,4377,1,,,
book cover,4378,2,,,
anatomy,4379,1,,,
Ghana,4380,1,,,
anatomy,4381,1,,,
space,4382,1,,,
Sky,4383,1,,,
botany,4384,1,,,1
flowers,4385,1,,,
plants,4386,1,,,
botanic ,4387,1,,,
bands,4388,1,,,
Heart,4389,1,,,
Butterflies,4390,1,,,
Fashion ,4391,1,,,
branchial arcs,4392,2,,,
diorama,4393,1,,,
paintings,4394,1,,,1
girl friend,4395,2,,,
Butterlfy,4396,1,,,
sun,4397,1,,,1
men-midwives,4398,1,,,
science,4399,1,,,1
anatomy ,4400,1,,,
Buterflay ,4401,1,,,
paintings,4402,1,,,1
Vasectomy,4403,1,,,
Tractor,4404,1,,,
WITCH,4405,1,,,
Portrait,4406,1,,,
577003i,4407,1,,,
astrology,4408,1,,,
"""TANTRIC FIGURE""",4409,2,1,,
astronomical,4410,1,,,
Flowers,4411,1,,,
Flowers,4412,1,,,
capricorn,4413,1,,,
necrophilia,4414,1,,,
botany,4415,1,,,1
Sea,4416,1,,,
health,4417,1,,,1
Girolamo Cardano,4418,2,,,
health,4419,1,,,1
anatomy,4420,1,,,
dermatitis,4421,1,,,
anatomy,4422,1,,,
vintage,4423,1,,,
anatomy,4424,1,,,
art,4426,1,,,
Vogue ,4427,1,,,
Vintage,4428,1,,,
botany,4429,1,,,1
bees,4430,1,,,
Flower ,4431,1,,,
Anatomy,4432,1,,,
psychology ,4433,1,,,
jesus,4434,1,,,
anatom√≠a ,4435,1,,,
anatomy,4436,1,,,
 Surgery,4437,1,,,
paintings,4438,1,,,1
botany,4439,1,,,1
astrology,4440,1,,,
Anatomy ,4441,1,,,
travel,4442,1,,,
anatomy,4443,1,,,
personas,4444,1,,,
anatomy,4445,1,,,
human anatomy,4446,2,,,
vintage,4447,1,,,
Anatomy,4448,1,,,
science,4449,1,,,1
paintings,4450,1,,,1
persia,4451,1,,,
Paintings,4452,1,,,1
veltheim,4453,1,,,
quelmaz,4454,1,,,
Vintage ,4455,1,,,
botany,4456,1,,,1
Butterflies ,4457,1,,,
lazarettos,4458,1,,,
arte,4459,1,,,
angels,4460,1,,,
Happiness,4461,1,,,
MAKEUP,4462,1,,,
alexandria,4463,1,,,
astrology,4464,1,,,
science,4465,1,,,1
Oregano,4466,1,,,
paintings,4467,1,,,1
Butterflys,4468,1,,,
botany,4469,1,,,1
Butterflies,4470,1,,,
zodiac,4471,1,,,
Derby city,4472,2,,,
wildflower,4473,1,,,
dinosaur,4474,1,,,
sun,4475,1,,,1
plague,4476,1,,,
Britannia slaves,4477,2,,,
sun,4478,1,,,1
bird skeleton,4479,2,,,
"""Manuscript""",4480,1,1,,
buterfly,4481,1,,,
human eye,4482,2,,,
anatomy,4483,1,,,
botany,4484,1,,,1
Anatomy,4485,1,,,
Greek mythology ,4486,2,,,
butterfly,4487,1,,,
botany,4488,1,,,1
botany,4489,1,,,1
anatomy,4490,1,,,
anatomy,4491,1,,,
syphilis,4492,1,,,
anatomy,4493,1,,,
Butterfly ,4495,1,,,
Anatomy,4496,1,,,
quacks,4497,1,,,1
flowers,4498,1,,,
Sexs,4499,1,,,
bamps,4500,1,,,
anatomy,4503,1,,,
wicca,4504,1,,,
Anatomy,4505,1,,,
anatomy,4506,1,,,
Typewriter,4507,1,,,
family,4508,1,,,
seashells,4509,1,,,
posters,4510,1,,,
Astronomers ,4511,1,,,
botany,4512,1,,,1
biology,4513,1,,,
Animals,4514,1,,,
,4515,0,,1,
giant squid,4516,2,,,
sun,4517,1,,,1
anatomy,4518,1,,,
butterfly ,4519,1,,,
pulse diagnosis,4520,2,,,
Pants patrons ,4521,2,,,
anatomy,4522,1,,,
globe,4523,1,,,
siren,4524,1,,,
paintings,4526,1,,,1
maps,4527,1,,,
butterflyes,4528,1,,,
anatomy,4529,1,,,
butterfly,4531,1,,,
Dinosaurios ,4532,1,,,
Anatomy,4534,1,,,
moth,4535,1,,,
sun,4536,1,,,1
bacteria,4537,1,,,
Rainbow,4540,1,,,
Alternative world ,4541,2,,,
crowd,4542,1,,,
anatomy,4543,1,,,
Hairspray,4544,1,,,
botany,4545,1,,,1
botany,4546,1,,,1
witchcraft,4547,1,,,
Trevi fountain,4549,2,,,
clowns,4550,1,,,
homosexual,4551,1,,,
butterflies,4552,1,,,
aries,4553,1,,,
cars,4554,1,,,
Sewers Manchester,4555,2,,,
hand,4557,1,,,
Butterfly ,4558,1,,,
black,4559,1,,,
love ,4560,1,,,
Anatomy ,4561,1,,,
rembrant,4562,1,,,
longboard,4563,1,,,
wow,4564,1,,,
centaur,4565,1,,,
holloway nightmare,4566,2,,,
moon,4567,1,,,
paintings,4568,1,,,1
anatomy,4569,1,,,
astrology,4570,1,,,
zodiac,4571,1,,,
Vetusta morla ,4572,2,,,
sexual health,4573,2,,,
paintings,4574,1,,,1
botany,4575,1,,,1
addison's,4577,1,,,
vintage,4578,1,,,
sex,4579,1,,,
anatomy,4580,1,,,
Metlakahtla ,4581,1,,,
paintings,4582,1,,,1
Anatomy ,4583,1,,,
poverty,4584,1,,,
jesus,4585,1,,,
Old art,4586,2,,,
Bees,4587,1,,,
belle epoc,4588,2,,,
sky,4589,1,,,
sex,4590,1,,,
Moon,4591,1,,,
charles bell,4592,2,,,
anatomy,4593,1,,,
Butterfly ,4594,1,,,
paintings,4595,1,,,1
polar bear,4596,2,,,
Vintage,4597,1,,,
Moda,4598,1,,,
Tree,4600,1,,,
bees,4602,1,,,
anatomy,4603,1,,,
album covers,4604,2,,,
Gemini ,4605,1,,,
paintings,4606,1,,,1
anatomy ,4607,1,,,
anatomy,4608,1,,,
Flowers,4609,1,,,
anatomy,4610,1,,,
Trauma raquimedular,4611,2,,,
space,4612,1,,,
paintings,4613,1,,,1
astrology,4614,1,,,
Aesthetic,4615,1,,,
anatomy,4616,1,,,
vintage organs,4618,2,,,
sun,4619,1,,,1
iran,4620,1,,,
schools,4621,1,,,
oroscope,4622,1,,,
Birds,4623,1,,,
heart anatomy,4624,2,,,
anatomy ,4625,1,,,
lega nord,4626,2,,,
Botany,4627,1,,,1
languages,4628,1,,,
students,4629,1,,,
dead,4630,1,,,
emocionales,4631,1,,,
priest,4633,1,,,
Butterflies,4634,1,,,
flowers ,4635,1,,,
Zodiac signs,4636,2,,,
greek mythology,4637,2,,,
anatomy,4638,1,,,
putana,4639,1,,,
 skyscrapers,4640,1,,,
optics,4642,1,,,1
paintings,4643,1,,,1
Malaysia,4644,1,,,
rostros,4645,1,,,
sun,4646,1,,,1
chiromancy,4647,1,,,
science,4648,1,,,1
estudantes negros,4649,2,,,
Content,4650,1,,,
advertising,4651,1,,,
butterfly,4652,1,,,
medicine,4653,1,,,
earlswood,4654,1,,,
"""Bestiality""",4655,1,1,,
health,4656,1,,,1
periodism,4657,1,,,
anatomy butterfly,4658,2,,,
vintage,4660,1,,,
home smart,4661,2,,,
eye,4662,1,,,
anatomy,4664,1,,,
anatomy,4665,1,,,
Anathomy,4666,1,,,
virus,4667,1,,,
botany,4668,1,,,1
Astrology,4669,1,,,
james+gillray,4670,2,,,1
Anatomy ,4671,1,,,
witch,4672,1,,,
foxes,4673,1,,,
zodiacs,4675,1,,,
paintings,4676,1,,,1
coffee,4678,1,,,
astronomy,4679,1,,,
flower,4680,1,,,
botany,4681,1,,,1
seacole,4682,1,,,
Atanomy,4683,1,,,
anatomy,4685,1,,,
art,4686,1,,,
Edward Alanson,4687,2,,,
1D,4688,1,,,
leprosy,4689,1,,,
"""Summonte.""",4690,1,1,,
anatomycal,4691,1,,,
moon,4693,1,,,
History,4694,1,,,
flower,4695,1,,,
garden,4696,1,,,
diabetic canteen,4697,2,,,
–∫—Ä–∞—Å–∏–≤—ã–µ –≤–æ–ª–æ—Å—ã,4698,2,,,
silence=death,4699,1,,,
zodiac ,4700,1,,,
Butterflies ,4701,1,,,
Custard apple,4702,2,,,
botany,4703,1,,,1
engraving,4704,1,,,
cancer,4705,1,,,
music,4706,1,,,
peony,4707,1,,,
Science Fiction,4708,2,,,
film,4709,1,,,
paintings,4710,1,,,1
anatomy,4711,1,,,
Peckham house,4712,2,,,
chemistry,4713,1,,,
butrfly,4714,1,,,
Anatomy,4715,1,,,
art,4716,1,,,
botany,4717,1,,,1
botany,4718,1,,,1
"""Walking.""",4719,1,1,,
video,4720,1,,,
space,4721,1,,,
midwife,4722,1,,,
Anatomy,4723,1,,,
james+gillray,4724,2,,,1
tapir,4725,1,,,
60s,4726,1,,,
einstein,4728,1,,,
art,4729,1,,,
COLERA MORBO,4730,2,,,
mariposas,4731,1,,,
botany,4733,1,,,1
anatomy,4734,1,,,
jesis,4735,1,,,
art,4736,1,,,
medieval,4737,1,,,
health,4738,1,,,1
chinese,4739,1,,,
Butterflies,4740,1,,,
Zodiac ,4741,1,,,
health,4742,1,,,1
botany,4743,1,,,1
bugs,4744,1,,,
Human Anatomy ,4745,2,,,
vintage,4746,1,,,
plastic bags,4747,2,,,
cat,4748,1,,,
BOTANIC,4749,1,,,
anatomy ,4750,1,,,
david richard,4751,2,,,
palestine ,4752,1,,,
grain export,4753,2,,,
"""edward mellanby""",4754,2,1,,
medicine,4756,1,,,
Photobook,4757,1,,,
anatomy,4758,1,,,
helen richards,4759,2,,,
Art,4760,1,,,
eyes,4761,1,,,
paintings,4762,1,,,1
tumor,4763,1,,,
anatomy,4764,1,,,
car,4765,1,,,
botany,4766,1,,,1
auditing,4767,1,,,
science,4768,1,,,1
plant,4769,1,,,
macaron,4770,1,,,
delhi,4772,1,,,
science,4773,1,,,1
moon,4774,1,,,
optics,4775,1,,,1
minimal,4776,1,,,
Aesthetic,4777,1,,,
leper colony,4778,2,,,
construction,4780,1,,,
Anatomy,4781,1,,,
angels,4782,1,,,
botany,4783,1,,,1
Liverpool,4784,1,,,
health,4785,1,,,1
paintings,4786,1,,,1
cypress,4787,1,,,
Designer,4788,1,,,
Sun,4789,1,,,1
optics,4790,1,,,1
health,4791,1,,,1
iran,4792,1,,,
Physics ,4793,1,,,
NHS,4794,1,,,
Anatomy,4797,1,,,
gay,4798,1,,,
science ,4799,1,,,1
icons,a1,1,,,
Flowers,4802,1,,,
sun,4803,1,,,1
plant,4806,1,,,
anatomy,4807,1,,,
frogs,4808,1,,,
hysteria women,4809,2,,,
leaves,4810,1,,,
covid,4811,1,,,
Diabetes,4812,1,,,
butterfly,4813,1,,,
sophisticated,4814,1,,,
abattoir,4815,1,,,
sun,4816,1,,,1
nodder,4817,1,,,
Japan print,4818,2,,,
Wildflowers,4819,1,,,
botany,4820,1,,,1
Dentist tools,4821,2,,,
Vintage,4822,1,,,
science,4823,1,,,1
Flowers,4824,1,,,
plane earrth,4825,2,,,
ww1 food,4826,2,,,
anatomy,4827,1,,,
Flowers ,4828,1,,,
Cancer ,4830,1,,,
eye,4831,1,,,
anatomy,4832,1,,,
botany,4833,1,,,1
ortellini,4834,1,,,
Anatomy,4835,1,,,
Harry Styles,4836,2,,,
anatomy,4837,1,,,
V0044985,4838,1,,,
anatomy,4839,1,,,
apothecaries shop,4840,2,,,
zodiac signs,4841,2,,,
steampunks engravings,4842,2,,,
delivery,4843,1,,,
satan,4844,1,,,
Fashion,4845,1,,,
Zodiac,4846,1,,,
paintings,4847,1,,,1
butterfly,4848,1,,,
dance,4849,1,,,
paintings,4850,1,,,1
Arte,4851,1,,,
flower,4853,1,,,
moon,4854,1,,,
botany,4855,1,,,1
"""WATERCOLOUR""",4856,1,1,,
Anatomy,4857,1,,,
botany,4858,1,,,1
anatomy,4859,1,,,
"""Photographic prints.""",4860,2,1,,
Flower,4861,1,,,
cistern,4862,1,,,
jellyfish,4863,1,,,
pharmacy,4864,1,,,
plagiarism,4865,1,,,
louis pasteur,4866,2,,,
movie,4867,1,,,
mermaid,4868,1,,,
paintings,4869,1,,,1
wich,4870,1,,,
butterfly,4871,1,,,
faraday,4872,1,,,
emperor,4873,1,,,
space ,4874,1,,,
anatomy,4875,1,,,
retro,4876,1,,,
venice,4877,1,,,
"""Royalty""",4878,1,1,,
optics,4879,1,,,1
kids,4880,1,,,
lily,4881,1,,,
botany,4882,1,,,1
anatomy,4883,1,,,
hiv,4884,1,,,
"""Oxford""",4885,1,1,,
botany,4886,1,,,1
Anatomy,4887,1,,,
anatomy,4888,1,,,
paintings,4889,1,,,1
nude woman,4890,2,,,
astronomy,4891,1,,,
paper,4892,1,,,
Flowers,4893,1,,,
astroworld,4895,1,,,
"""Henri, Pierre""",4896,2,1,,
goa,4897,1,,,
mushroom,4898,1,,,
al-jamal,4899,1,,,
Acupuncture ,4900,1,,,
,,,,,
,,,,,
,,,,,